gs_name,gene_symbol,layer
GOBP_CELLULAR_RESPONSE_TO_INSULIN_STIMULUS,ADIPOQ,canonical
GOBP_CELLULAR_RESPONSE_TO_INSULIN_STIMULUS,ADIPOR1,canonical
GOBP_CELLULAR_RESPONSE_TO_INSULIN_STIMULUS,AHSG,canonical
GOBP_CELLULAR_RESPONSE_TO_INSULIN_STIMULUS,AKT1,canonical
GOBP_CELLULAR_RESPONSE_TO_INSULIN_STIMULUS,AKT2,canonical
GOBP_CELLULAR_RESPONSE_TO_INSULIN_STIMULUS,ALAS1,canonical
GOBP_CELLULAR_RESPONSE_TO_INSULIN_STIMULUS,AP3S1,canonical
GOBP_CELLULAR_RESPONSE_TO_INSULIN_STIMULUS,APC,canonical
GOBP_CELLULAR_RESPONSE_TO_INSULIN_STIMULUS,APPL1,canonical
GOBP_CELLULAR_RESPONSE_TO_INSULIN_STIMULUS,APPL2,canonical
GOBP_CELLULAR_RESPONSE_TO_INSULIN_STIMULUS,ATP2B1,canonical
GOBP_CELLULAR_RESPONSE_TO_INSULIN_STIMULUS,BAIAP2,canonical
GOBP_CELLULAR_RESPONSE_TO_INSULIN_STIMULUS,BCAR1,canonical
GOBP_CELLULAR_RESPONSE_TO_INSULIN_STIMULUS,BCAR3,canonical
GOBP_CELLULAR_RESPONSE_TO_INSULIN_STIMULUS,BGLAP,canonical
GOBP_CELLULAR_RESPONSE_TO_INSULIN_STIMULUS,BLVRB,canonical
GOBP_CELLULAR_RESPONSE_TO_INSULIN_STIMULUS,C1QTNF12,canonical
GOBP_CELLULAR_RESPONSE_TO_INSULIN_STIMULUS,C2CD5,canonical
GOBP_CELLULAR_RESPONSE_TO_INSULIN_STIMULUS,CAPN10,canonical
GOBP_CELLULAR_RESPONSE_TO_INSULIN_STIMULUS,CAV2,canonical
GOBP_CELLULAR_RESPONSE_TO_INSULIN_STIMULUS,CEACAM1,canonical
GOBP_CELLULAR_RESPONSE_TO_INSULIN_STIMULUS,CFLAR,canonical
GOBP_CELLULAR_RESPONSE_TO_INSULIN_STIMULUS,COL6A1,canonical
GOBP_CELLULAR_RESPONSE_TO_INSULIN_STIMULUS,CPEB1,canonical
GOBP_CELLULAR_RESPONSE_TO_INSULIN_STIMULUS,CPEB2,canonical
GOBP_CELLULAR_RESPONSE_TO_INSULIN_STIMULUS,CSRP3,canonical
GOBP_CELLULAR_RESPONSE_TO_INSULIN_STIMULUS,CTSD,canonical
GOBP_CELLULAR_RESPONSE_TO_INSULIN_STIMULUS,CUL3,canonical
GOBP_CELLULAR_RESPONSE_TO_INSULIN_STIMULUS,CUL7,canonical
GOBP_CELLULAR_RESPONSE_TO_INSULIN_STIMULUS,DENND4C,canonical
GOBP_CELLULAR_RESPONSE_TO_INSULIN_STIMULUS,DNAI1,canonical
GOBP_CELLULAR_RESPONSE_TO_INSULIN_STIMULUS,ECHDC3,canonical
GOBP_CELLULAR_RESPONSE_TO_INSULIN_STIMULUS,EEF2K,canonical
GOBP_CELLULAR_RESPONSE_TO_INSULIN_STIMULUS,EIF4EBP2,canonical
GOBP_CELLULAR_RESPONSE_TO_INSULIN_STIMULUS,ENPP1,canonical
GOBP_CELLULAR_RESPONSE_TO_INSULIN_STIMULUS,EPRS1,canonical
GOBP_CELLULAR_RESPONSE_TO_INSULIN_STIMULUS,ERFE,canonical
GOBP_CELLULAR_RESPONSE_TO_INSULIN_STIMULUS,ERRFI1,canonical
GOBP_CELLULAR_RESPONSE_TO_INSULIN_STIMULUS,FBP1,canonical
GOBP_CELLULAR_RESPONSE_TO_INSULIN_STIMULUS,FBXW8,canonical
GOBP_CELLULAR_RESPONSE_TO_INSULIN_STIMULUS,FER,canonical
GOBP_CELLULAR_RESPONSE_TO_INSULIN_STIMULUS,FFAR3,canonical
GOBP_CELLULAR_RESPONSE_TO_INSULIN_STIMULUS,FOXC2,canonical
GOBP_CELLULAR_RESPONSE_TO_INSULIN_STIMULUS,FOXO1,canonical
GOBP_CELLULAR_RESPONSE_TO_INSULIN_STIMULUS,FOXO4,canonical
GOBP_CELLULAR_RESPONSE_TO_INSULIN_STIMULUS,FUT7,canonical
GOBP_CELLULAR_RESPONSE_TO_INSULIN_STIMULUS,G6PC1,canonical
GOBP_CELLULAR_RESPONSE_TO_INSULIN_STIMULUS,GAB1,canonical
GOBP_CELLULAR_RESPONSE_TO_INSULIN_STIMULUS,GCK,canonical
GOBP_CELLULAR_RESPONSE_TO_INSULIN_STIMULUS,GCLC,canonical
GOBP_CELLULAR_RESPONSE_TO_INSULIN_STIMULUS,GHR,canonical
GOBP_CELLULAR_RESPONSE_TO_INSULIN_STIMULUS,GHRHR,canonical
GOBP_CELLULAR_RESPONSE_TO_INSULIN_STIMULUS,GHSR,canonical
GOBP_CELLULAR_RESPONSE_TO_INSULIN_STIMULUS,GKAP1,canonical
GOBP_CELLULAR_RESPONSE_TO_INSULIN_STIMULUS,GOT1,canonical
GOBP_CELLULAR_RESPONSE_TO_INSULIN_STIMULUS,GPLD1,canonical
GOBP_CELLULAR_RESPONSE_TO_INSULIN_STIMULUS,GPR21,canonical
GOBP_CELLULAR_RESPONSE_TO_INSULIN_STIMULUS,GRB10,canonical
GOBP_CELLULAR_RESPONSE_TO_INSULIN_STIMULUS,GRB14,canonical
GOBP_CELLULAR_RESPONSE_TO_INSULIN_STIMULUS,GRB2,canonical
GOBP_CELLULAR_RESPONSE_TO_INSULIN_STIMULUS,GRB7,canonical
GOBP_CELLULAR_RESPONSE_TO_INSULIN_STIMULUS,GSK3A,canonical
GOBP_CELLULAR_RESPONSE_TO_INSULIN_STIMULUS,GSK3B,canonical
GOBP_CELLULAR_RESPONSE_TO_INSULIN_STIMULUS,GSTP1,canonical
GOBP_CELLULAR_RESPONSE_TO_INSULIN_STIMULUS,HDAC5,canonical
GOBP_CELLULAR_RESPONSE_TO_INSULIN_STIMULUS,HDAC9,canonical
GOBP_CELLULAR_RESPONSE_TO_INSULIN_STIMULUS,HMGCS2,canonical
GOBP_CELLULAR_RESPONSE_TO_INSULIN_STIMULUS,HRAS,canonical
GOBP_CELLULAR_RESPONSE_TO_INSULIN_STIMULUS,IDE,canonical
GOBP_CELLULAR_RESPONSE_TO_INSULIN_STIMULUS,IGF1,canonical
GOBP_CELLULAR_RESPONSE_TO_INSULIN_STIMULUS,IGF1R,canonical
GOBP_CELLULAR_RESPONSE_TO_INSULIN_STIMULUS,IGF2,canonical
GOBP_CELLULAR_RESPONSE_TO_INSULIN_STIMULUS,IGFBP1,canonical
GOBP_CELLULAR_RESPONSE_TO_INSULIN_STIMULUS,IL1B,canonical
GOBP_CELLULAR_RESPONSE_TO_INSULIN_STIMULUS,INHBB,canonical
GOBP_CELLULAR_RESPONSE_TO_INSULIN_STIMULUS,INPP5K,canonical
GOBP_CELLULAR_RESPONSE_TO_INSULIN_STIMULUS,INS,canonical
GOBP_CELLULAR_RESPONSE_TO_INSULIN_STIMULUS,INSIG1,canonical
GOBP_CELLULAR_RESPONSE_TO_INSULIN_STIMULUS,INSIG2,canonical
GOBP_CELLULAR_RESPONSE_TO_INSULIN_STIMULUS,INSR,canonical
GOBP_CELLULAR_RESPONSE_TO_INSULIN_STIMULUS,INSRR,canonical
GOBP_CELLULAR_RESPONSE_TO_INSULIN_STIMULUS,IRS1,canonical
GOBP_CELLULAR_RESPONSE_TO_INSULIN_STIMULUS,IRS2,canonical
GOBP_CELLULAR_RESPONSE_TO_INSULIN_STIMULUS,IRS4,canonical
GOBP_CELLULAR_RESPONSE_TO_INSULIN_STIMULUS,KANK1,canonical
GOBP_CELLULAR_RESPONSE_TO_INSULIN_STIMULUS,KAT2B,canonical
GOBP_CELLULAR_RESPONSE_TO_INSULIN_STIMULUS,KBTBD2,canonical
GOBP_CELLULAR_RESPONSE_TO_INSULIN_STIMULUS,LEP,canonical
GOBP_CELLULAR_RESPONSE_TO_INSULIN_STIMULUS,LONP1,canonical
GOBP_CELLULAR_RESPONSE_TO_INSULIN_STIMULUS,LPIN1,canonical
GOBP_CELLULAR_RESPONSE_TO_INSULIN_STIMULUS,LPIN2,canonical
GOBP_CELLULAR_RESPONSE_TO_INSULIN_STIMULUS,LPIN3,canonical
GOBP_CELLULAR_RESPONSE_TO_INSULIN_STIMULUS,MAPK1,canonical
GOBP_CELLULAR_RESPONSE_TO_INSULIN_STIMULUS,MAPK3,canonical
GOBP_CELLULAR_RESPONSE_TO_INSULIN_STIMULUS,MAPKAP1,canonical
GOBP_CELLULAR_RESPONSE_TO_INSULIN_STIMULUS,MIR103A1,canonical
GOBP_CELLULAR_RESPONSE_TO_INSULIN_STIMULUS,MIR107,canonical
GOBP_CELLULAR_RESPONSE_TO_INSULIN_STIMULUS,MIR1271,canonical
GOBP_CELLULAR_RESPONSE_TO_INSULIN_STIMULUS,MIR15B,canonical
GOBP_CELLULAR_RESPONSE_TO_INSULIN_STIMULUS,MIR195,canonical
GOBP_CELLULAR_RESPONSE_TO_INSULIN_STIMULUS,MSTN,canonical
GOBP_CELLULAR_RESPONSE_TO_INSULIN_STIMULUS,MTCL2,canonical
GOBP_CELLULAR_RESPONSE_TO_INSULIN_STIMULUS,MTOR,canonical
GOBP_CELLULAR_RESPONSE_TO_INSULIN_STIMULUS,MYO1C,canonical
GOBP_CELLULAR_RESPONSE_TO_INSULIN_STIMULUS,MYO5A,canonical
GOBP_CELLULAR_RESPONSE_TO_INSULIN_STIMULUS,MZB1,canonical
GOBP_CELLULAR_RESPONSE_TO_INSULIN_STIMULUS,NAMPT,canonical
GOBP_CELLULAR_RESPONSE_TO_INSULIN_STIMULUS,NCK1,canonical
GOBP_CELLULAR_RESPONSE_TO_INSULIN_STIMULUS,NCL,canonical
GOBP_CELLULAR_RESPONSE_TO_INSULIN_STIMULUS,NCOA1,canonical
GOBP_CELLULAR_RESPONSE_TO_INSULIN_STIMULUS,NCOA2,canonical
GOBP_CELLULAR_RESPONSE_TO_INSULIN_STIMULUS,NCOA5,canonical
GOBP_CELLULAR_RESPONSE_TO_INSULIN_STIMULUS,NDEL1,canonical
GOBP_CELLULAR_RESPONSE_TO_INSULIN_STIMULUS,NR1H4,canonical
GOBP_CELLULAR_RESPONSE_TO_INSULIN_STIMULUS,NUCKS1,canonical
GOBP_CELLULAR_RESPONSE_TO_INSULIN_STIMULUS,OGT,canonical
GOBP_CELLULAR_RESPONSE_TO_INSULIN_STIMULUS,OSBPL8,canonical
GOBP_CELLULAR_RESPONSE_TO_INSULIN_STIMULUS,OTOP1,canonical
GOBP_CELLULAR_RESPONSE_TO_INSULIN_STIMULUS,PAK1,canonical
GOBP_CELLULAR_RESPONSE_TO_INSULIN_STIMULUS,PARP1,canonical
GOBP_CELLULAR_RESPONSE_TO_INSULIN_STIMULUS,PCK1,canonical
GOBP_CELLULAR_RESPONSE_TO_INSULIN_STIMULUS,PCK2,canonical
GOBP_CELLULAR_RESPONSE_TO_INSULIN_STIMULUS,PCSK9,canonical
GOBP_CELLULAR_RESPONSE_TO_INSULIN_STIMULUS,PDE3B,canonical
GOBP_CELLULAR_RESPONSE_TO_INSULIN_STIMULUS,PDK2,canonical
GOBP_CELLULAR_RESPONSE_TO_INSULIN_STIMULUS,PDK4,canonical
GOBP_CELLULAR_RESPONSE_TO_INSULIN_STIMULUS,PDPK1,canonical
GOBP_CELLULAR_RESPONSE_TO_INSULIN_STIMULUS,PHIP,canonical
GOBP_CELLULAR_RESPONSE_TO_INSULIN_STIMULUS,PID1,canonical
GOBP_CELLULAR_RESPONSE_TO_INSULIN_STIMULUS,PIK3C2A,canonical
GOBP_CELLULAR_RESPONSE_TO_INSULIN_STIMULUS,PIK3CA,canonical
GOBP_CELLULAR_RESPONSE_TO_INSULIN_STIMULUS,PIK3R1,canonical
GOBP_CELLULAR_RESPONSE_TO_INSULIN_STIMULUS,PIK3R2,canonical
GOBP_CELLULAR_RESPONSE_TO_INSULIN_STIMULUS,PIK3R3,canonical
GOBP_CELLULAR_RESPONSE_TO_INSULIN_STIMULUS,PIP4K2A,canonical
GOBP_CELLULAR_RESPONSE_TO_INSULIN_STIMULUS,PIP4K2B,canonical
GOBP_CELLULAR_RESPONSE_TO_INSULIN_STIMULUS,PIP4K2C,canonical
GOBP_CELLULAR_RESPONSE_TO_INSULIN_STIMULUS,PKLR,canonical
GOBP_CELLULAR_RESPONSE_TO_INSULIN_STIMULUS,PKM,canonical
GOBP_CELLULAR_RESPONSE_TO_INSULIN_STIMULUS,PLA2G1B,canonical
GOBP_CELLULAR_RESPONSE_TO_INSULIN_STIMULUS,PNPLA3,canonical
GOBP_CELLULAR_RESPONSE_TO_INSULIN_STIMULUS,POU4F2,canonical
GOBP_CELLULAR_RESPONSE_TO_INSULIN_STIMULUS,PPARG,canonical
GOBP_CELLULAR_RESPONSE_TO_INSULIN_STIMULUS,PRKAA1,canonical
GOBP_CELLULAR_RESPONSE_TO_INSULIN_STIMULUS,PRKCB,canonical
GOBP_CELLULAR_RESPONSE_TO_INSULIN_STIMULUS,PRKCD,canonical
GOBP_CELLULAR_RESPONSE_TO_INSULIN_STIMULUS,PRKCI,canonical
GOBP_CELLULAR_RESPONSE_TO_INSULIN_STIMULUS,PRKCQ,canonical
GOBP_CELLULAR_RESPONSE_TO_INSULIN_STIMULUS,PRKCZ,canonical
GOBP_CELLULAR_RESPONSE_TO_INSULIN_STIMULUS,PRKDC,canonical
GOBP_CELLULAR_RESPONSE_TO_INSULIN_STIMULUS,PTPN1,canonical
GOBP_CELLULAR_RESPONSE_TO_INSULIN_STIMULUS,PTPN11,canonical
GOBP_CELLULAR_RESPONSE_TO_INSULIN_STIMULUS,PTPN2,canonical
GOBP_CELLULAR_RESPONSE_TO_INSULIN_STIMULUS,PTPRE,canonical
GOBP_CELLULAR_RESPONSE_TO_INSULIN_STIMULUS,PTPRJ,canonical
GOBP_CELLULAR_RESPONSE_TO_INSULIN_STIMULUS,RAB10,canonical
GOBP_CELLULAR_RESPONSE_TO_INSULIN_STIMULUS,RAB13,canonical
GOBP_CELLULAR_RESPONSE_TO_INSULIN_STIMULUS,RAB31,canonical
GOBP_CELLULAR_RESPONSE_TO_INSULIN_STIMULUS,RAB8A,canonical
GOBP_CELLULAR_RESPONSE_TO_INSULIN_STIMULUS,RAF1,canonical
GOBP_CELLULAR_RESPONSE_TO_INSULIN_STIMULUS,RARRES2,canonical
GOBP_CELLULAR_RESPONSE_TO_INSULIN_STIMULUS,RB1,canonical
GOBP_CELLULAR_RESPONSE_TO_INSULIN_STIMULUS,RBM4,canonical
GOBP_CELLULAR_RESPONSE_TO_INSULIN_STIMULUS,RBX1,canonical
GOBP_CELLULAR_RESPONSE_TO_INSULIN_STIMULUS,RELA,canonical
GOBP_CELLULAR_RESPONSE_TO_INSULIN_STIMULUS,RHOQ,canonical
GOBP_CELLULAR_RESPONSE_TO_INSULIN_STIMULUS,RPS6KB1,canonical
GOBP_CELLULAR_RESPONSE_TO_INSULIN_STIMULUS,RPS6KB2,canonical
GOBP_CELLULAR_RESPONSE_TO_INSULIN_STIMULUS,SELENOS,canonical
GOBP_CELLULAR_RESPONSE_TO_INSULIN_STIMULUS,SERPINA12,canonical
GOBP_CELLULAR_RESPONSE_TO_INSULIN_STIMULUS,SESN3,canonical
GOBP_CELLULAR_RESPONSE_TO_INSULIN_STIMULUS,SGCB,canonical
GOBP_CELLULAR_RESPONSE_TO_INSULIN_STIMULUS,SH2B2,canonical
GOBP_CELLULAR_RESPONSE_TO_INSULIN_STIMULUS,SHC1,canonical
GOBP_CELLULAR_RESPONSE_TO_INSULIN_STIMULUS,SIK2,canonical
GOBP_CELLULAR_RESPONSE_TO_INSULIN_STIMULUS,SIRT1,canonical
GOBP_CELLULAR_RESPONSE_TO_INSULIN_STIMULUS,SLC22A12,canonical
GOBP_CELLULAR_RESPONSE_TO_INSULIN_STIMULUS,SLC25A33,canonical
GOBP_CELLULAR_RESPONSE_TO_INSULIN_STIMULUS,SLC27A1,canonical
GOBP_CELLULAR_RESPONSE_TO_INSULIN_STIMULUS,SLC27A4,canonical
GOBP_CELLULAR_RESPONSE_TO_INSULIN_STIMULUS,SLC2A4,canonical
GOBP_CELLULAR_RESPONSE_TO_INSULIN_STIMULUS,SLC2A8,canonical
GOBP_CELLULAR_RESPONSE_TO_INSULIN_STIMULUS,SLC39A14,canonical
GOBP_CELLULAR_RESPONSE_TO_INSULIN_STIMULUS,SLC9A1,canonical
GOBP_CELLULAR_RESPONSE_TO_INSULIN_STIMULUS,SMARCC1,canonical
GOBP_CELLULAR_RESPONSE_TO_INSULIN_STIMULUS,SNX5,canonical
GOBP_CELLULAR_RESPONSE_TO_INSULIN_STIMULUS,SOCS1,canonical
GOBP_CELLULAR_RESPONSE_TO_INSULIN_STIMULUS,SOCS3,canonical
GOBP_CELLULAR_RESPONSE_TO_INSULIN_STIMULUS,SOCS7,canonical
GOBP_CELLULAR_RESPONSE_TO_INSULIN_STIMULUS,SORBS1,canonical
GOBP_CELLULAR_RESPONSE_TO_INSULIN_STIMULUS,SORL1,canonical
GOBP_CELLULAR_RESPONSE_TO_INSULIN_STIMULUS,SOS1,canonical
GOBP_CELLULAR_RESPONSE_TO_INSULIN_STIMULUS,SOS2,canonical
GOBP_CELLULAR_RESPONSE_TO_INSULIN_STIMULUS,SP1,canonical
GOBP_CELLULAR_RESPONSE_TO_INSULIN_STIMULUS,SRD5A1,canonical
GOBP_CELLULAR_RESPONSE_TO_INSULIN_STIMULUS,SREBF1,canonical
GOBP_CELLULAR_RESPONSE_TO_INSULIN_STIMULUS,SRSF5,canonical
GOBP_CELLULAR_RESPONSE_TO_INSULIN_STIMULUS,STAT1,canonical
GOBP_CELLULAR_RESPONSE_TO_INSULIN_STIMULUS,STXBP4,canonical
GOBP_CELLULAR_RESPONSE_TO_INSULIN_STIMULUS,SYAP1,canonical
GOBP_CELLULAR_RESPONSE_TO_INSULIN_STIMULUS,TBC1D4,canonical
GOBP_CELLULAR_RESPONSE_TO_INSULIN_STIMULUS,TNS2,canonical
GOBP_CELLULAR_RESPONSE_TO_INSULIN_STIMULUS,TRARG1,canonical
GOBP_CELLULAR_RESPONSE_TO_INSULIN_STIMULUS,TRIB3,canonical
GOBP_CELLULAR_RESPONSE_TO_INSULIN_STIMULUS,TRIM72,canonical
GOBP_CELLULAR_RESPONSE_TO_INSULIN_STIMULUS,TSC2,canonical
GOBP_CELLULAR_RESPONSE_TO_INSULIN_STIMULUS,UCP2,canonical
GOBP_CELLULAR_RESPONSE_TO_INSULIN_STIMULUS,USF1,canonical
GOBP_CELLULAR_RESPONSE_TO_INSULIN_STIMULUS,USO1,canonical
GOBP_CELLULAR_RESPONSE_TO_INSULIN_STIMULUS,VAMP2,canonical
GOBP_CELLULAR_RESPONSE_TO_INSULIN_STIMULUS,VWA2,canonical
GOBP_CELLULAR_RESPONSE_TO_INSULIN_STIMULUS,WDTC1,canonical
GOBP_CELLULAR_RESPONSE_TO_INSULIN_STIMULUS,XBP1,canonical
GOBP_CELLULAR_RESPONSE_TO_INSULIN_STIMULUS,YWHAG,canonical
GOBP_CELLULAR_RESPONSE_TO_INSULIN_STIMULUS,ZBTB7B,canonical
GOBP_CELLULAR_RESPONSE_TO_INSULIN_STIMULUS,ZDHHC7,canonical
GOBP_CELLULAR_RESPONSE_TO_INSULIN_STIMULUS,ZFP36L1,canonical
GOBP_CELLULAR_RESPONSE_TO_INSULIN_STIMULUS,ZNF106,canonical
GOBP_CELLULAR_RESPONSE_TO_INSULIN_STIMULUS,ZNF592,canonical
GOBP_GLUCOSE_IMPORT_IN_RESPONSE_TO_INSULIN_STIMULUS,SGCB,canonical
GOBP_GLUCOSE_IMPORT_IN_RESPONSE_TO_INSULIN_STIMULUS,SLC27A1,canonical
GOBP_GLUCOSE_IMPORT_IN_RESPONSE_TO_INSULIN_STIMULUS,SLC27A4,canonical
GOBP_GLUCOSE_IMPORT_IN_RESPONSE_TO_INSULIN_STIMULUS,SLC2A4,canonical
GOBP_GLUCOSE_IMPORT_IN_RESPONSE_TO_INSULIN_STIMULUS,TRARG1,canonical
GOBP_GLUCOSE_IMPORT_IN_RESPONSE_TO_INSULIN_STIMULUS,ZDHHC7,canonical
GOBP_INSULIN_RECEPTOR_SIGNALING_PATHWAY,ADIPOR1,canonical
GOBP_INSULIN_RECEPTOR_SIGNALING_PATHWAY,AHSG,canonical
GOBP_INSULIN_RECEPTOR_SIGNALING_PATHWAY,AKT1,canonical
GOBP_INSULIN_RECEPTOR_SIGNALING_PATHWAY,AKT2,canonical
GOBP_INSULIN_RECEPTOR_SIGNALING_PATHWAY,AP3S1,canonical
GOBP_INSULIN_RECEPTOR_SIGNALING_PATHWAY,APC,canonical
GOBP_INSULIN_RECEPTOR_SIGNALING_PATHWAY,APPL1,canonical
GOBP_INSULIN_RECEPTOR_SIGNALING_PATHWAY,BAIAP2,canonical
GOBP_INSULIN_RECEPTOR_SIGNALING_PATHWAY,BCAR1,canonical
GOBP_INSULIN_RECEPTOR_SIGNALING_PATHWAY,BCAR3,canonical
GOBP_INSULIN_RECEPTOR_SIGNALING_PATHWAY,BLVRB,canonical
GOBP_INSULIN_RECEPTOR_SIGNALING_PATHWAY,C1QTNF12,canonical
GOBP_INSULIN_RECEPTOR_SIGNALING_PATHWAY,C2CD5,canonical
GOBP_INSULIN_RECEPTOR_SIGNALING_PATHWAY,CAV2,canonical
GOBP_INSULIN_RECEPTOR_SIGNALING_PATHWAY,COL6A1,canonical
GOBP_INSULIN_RECEPTOR_SIGNALING_PATHWAY,CSRP3,canonical
GOBP_INSULIN_RECEPTOR_SIGNALING_PATHWAY,CTSD,canonical
GOBP_INSULIN_RECEPTOR_SIGNALING_PATHWAY,CUL7,canonical
GOBP_INSULIN_RECEPTOR_SIGNALING_PATHWAY,DNAI1,canonical
GOBP_INSULIN_RECEPTOR_SIGNALING_PATHWAY,EIF4EBP2,canonical
GOBP_INSULIN_RECEPTOR_SIGNALING_PATHWAY,ENPP1,canonical
GOBP_INSULIN_RECEPTOR_SIGNALING_PATHWAY,ERFE,canonical
GOBP_INSULIN_RECEPTOR_SIGNALING_PATHWAY,FBXW8,canonical
GOBP_INSULIN_RECEPTOR_SIGNALING_PATHWAY,FER,canonical
GOBP_INSULIN_RECEPTOR_SIGNALING_PATHWAY,FFAR3,canonical
GOBP_INSULIN_RECEPTOR_SIGNALING_PATHWAY,FOXC2,canonical
GOBP_INSULIN_RECEPTOR_SIGNALING_PATHWAY,FOXO1,canonical
GOBP_INSULIN_RECEPTOR_SIGNALING_PATHWAY,FOXO4,canonical
GOBP_INSULIN_RECEPTOR_SIGNALING_PATHWAY,FUT7,canonical
GOBP_INSULIN_RECEPTOR_SIGNALING_PATHWAY,GAB1,canonical
GOBP_INSULIN_RECEPTOR_SIGNALING_PATHWAY,GKAP1,canonical
GOBP_INSULIN_RECEPTOR_SIGNALING_PATHWAY,GPLD1,canonical
GOBP_INSULIN_RECEPTOR_SIGNALING_PATHWAY,GPR21,canonical
GOBP_INSULIN_RECEPTOR_SIGNALING_PATHWAY,GRB10,canonical
GOBP_INSULIN_RECEPTOR_SIGNALING_PATHWAY,GRB14,canonical
GOBP_INSULIN_RECEPTOR_SIGNALING_PATHWAY,GRB2,canonical
GOBP_INSULIN_RECEPTOR_SIGNALING_PATHWAY,GRB7,canonical
GOBP_INSULIN_RECEPTOR_SIGNALING_PATHWAY,GSK3A,canonical
GOBP_INSULIN_RECEPTOR_SIGNALING_PATHWAY,GSK3B,canonical
GOBP_INSULIN_RECEPTOR_SIGNALING_PATHWAY,HRAS,canonical
GOBP_INSULIN_RECEPTOR_SIGNALING_PATHWAY,IDE,canonical
GOBP_INSULIN_RECEPTOR_SIGNALING_PATHWAY,IGF1,canonical
GOBP_INSULIN_RECEPTOR_SIGNALING_PATHWAY,IGF1R,canonical
GOBP_INSULIN_RECEPTOR_SIGNALING_PATHWAY,IGF2,canonical
GOBP_INSULIN_RECEPTOR_SIGNALING_PATHWAY,IGFBP1,canonical
GOBP_INSULIN_RECEPTOR_SIGNALING_PATHWAY,IL1B,canonical
GOBP_INSULIN_RECEPTOR_SIGNALING_PATHWAY,INPP5K,canonical
GOBP_INSULIN_RECEPTOR_SIGNALING_PATHWAY,INS,canonical
GOBP_INSULIN_RECEPTOR_SIGNALING_PATHWAY,INSR,canonical
GOBP_INSULIN_RECEPTOR_SIGNALING_PATHWAY,INSRR,canonical
GOBP_INSULIN_RECEPTOR_SIGNALING_PATHWAY,IRS1,canonical
GOBP_INSULIN_RECEPTOR_SIGNALING_PATHWAY,IRS2,canonical
GOBP_INSULIN_RECEPTOR_SIGNALING_PATHWAY,IRS4,canonical
GOBP_INSULIN_RECEPTOR_SIGNALING_PATHWAY,KANK1,canonical
GOBP_INSULIN_RECEPTOR_SIGNALING_PATHWAY,LEP,canonical
GOBP_INSULIN_RECEPTOR_SIGNALING_PATHWAY,LONP1,canonical
GOBP_INSULIN_RECEPTOR_SIGNALING_PATHWAY,MAPK1,canonical
GOBP_INSULIN_RECEPTOR_SIGNALING_PATHWAY,MAPK3,canonical
GOBP_INSULIN_RECEPTOR_SIGNALING_PATHWAY,MAPKAP1,canonical
GOBP_INSULIN_RECEPTOR_SIGNALING_PATHWAY,MIR103A1,canonical
GOBP_INSULIN_RECEPTOR_SIGNALING_PATHWAY,MIR107,canonical
GOBP_INSULIN_RECEPTOR_SIGNALING_PATHWAY,MIR1271,canonical
GOBP_INSULIN_RECEPTOR_SIGNALING_PATHWAY,MIR15B,canonical
GOBP_INSULIN_RECEPTOR_SIGNALING_PATHWAY,MIR195,canonical
GOBP_INSULIN_RECEPTOR_SIGNALING_PATHWAY,MSTN,canonical
GOBP_INSULIN_RECEPTOR_SIGNALING_PATHWAY,MTCL2,canonical
GOBP_INSULIN_RECEPTOR_SIGNALING_PATHWAY,MTOR,canonical
GOBP_INSULIN_RECEPTOR_SIGNALING_PATHWAY,MZB1,canonical
GOBP_INSULIN_RECEPTOR_SIGNALING_PATHWAY,NAMPT,canonical
GOBP_INSULIN_RECEPTOR_SIGNALING_PATHWAY,NCK1,canonical
GOBP_INSULIN_RECEPTOR_SIGNALING_PATHWAY,NCL,canonical
GOBP_INSULIN_RECEPTOR_SIGNALING_PATHWAY,NCOA5,canonical
GOBP_INSULIN_RECEPTOR_SIGNALING_PATHWAY,NDEL1,canonical
GOBP_INSULIN_RECEPTOR_SIGNALING_PATHWAY,NR1H4,canonical
GOBP_INSULIN_RECEPTOR_SIGNALING_PATHWAY,NUCKS1,canonical
GOBP_INSULIN_RECEPTOR_SIGNALING_PATHWAY,OGT,canonical
GOBP_INSULIN_RECEPTOR_SIGNALING_PATHWAY,OSBPL8,canonical
GOBP_INSULIN_RECEPTOR_SIGNALING_PATHWAY,PAK1,canonical
GOBP_INSULIN_RECEPTOR_SIGNALING_PATHWAY,PDK2,canonical
GOBP_INSULIN_RECEPTOR_SIGNALING_PATHWAY,PDK4,canonical
GOBP_INSULIN_RECEPTOR_SIGNALING_PATHWAY,PDPK1,canonical
GOBP_INSULIN_RECEPTOR_SIGNALING_PATHWAY,PHIP,canonical
GOBP_INSULIN_RECEPTOR_SIGNALING_PATHWAY,PID1,canonical
GOBP_INSULIN_RECEPTOR_SIGNALING_PATHWAY,PIK3C2A,canonical
GOBP_INSULIN_RECEPTOR_SIGNALING_PATHWAY,PIK3CA,canonical
GOBP_INSULIN_RECEPTOR_SIGNALING_PATHWAY,PIK3R1,canonical
GOBP_INSULIN_RECEPTOR_SIGNALING_PATHWAY,PIK3R2,canonical
GOBP_INSULIN_RECEPTOR_SIGNALING_PATHWAY,PIK3R3,canonical
GOBP_INSULIN_RECEPTOR_SIGNALING_PATHWAY,PIP4K2A,canonical
GOBP_INSULIN_RECEPTOR_SIGNALING_PATHWAY,PIP4K2B,canonical
GOBP_INSULIN_RECEPTOR_SIGNALING_PATHWAY,PIP4K2C,canonical
GOBP_INSULIN_RECEPTOR_SIGNALING_PATHWAY,PRKAA1,canonical
GOBP_INSULIN_RECEPTOR_SIGNALING_PATHWAY,PRKCB,canonical
GOBP_INSULIN_RECEPTOR_SIGNALING_PATHWAY,PRKCD,canonical
GOBP_INSULIN_RECEPTOR_SIGNALING_PATHWAY,PRKCQ,canonical
GOBP_INSULIN_RECEPTOR_SIGNALING_PATHWAY,PRKCZ,canonical
GOBP_INSULIN_RECEPTOR_SIGNALING_PATHWAY,PTPN1,canonical
GOBP_INSULIN_RECEPTOR_SIGNALING_PATHWAY,PTPN11,canonical
GOBP_INSULIN_RECEPTOR_SIGNALING_PATHWAY,PTPN2,canonical
GOBP_INSULIN_RECEPTOR_SIGNALING_PATHWAY,PTPRE,canonical
GOBP_INSULIN_RECEPTOR_SIGNALING_PATHWAY,PTPRJ,canonical
GOBP_INSULIN_RECEPTOR_SIGNALING_PATHWAY,RAF1,canonical
GOBP_INSULIN_RECEPTOR_SIGNALING_PATHWAY,RARRES2,canonical
GOBP_INSULIN_RECEPTOR_SIGNALING_PATHWAY,RBM4,canonical
GOBP_INSULIN_RECEPTOR_SIGNALING_PATHWAY,RBX1,canonical
GOBP_INSULIN_RECEPTOR_SIGNALING_PATHWAY,RELA,canonical
GOBP_INSULIN_RECEPTOR_SIGNALING_PATHWAY,RHOQ,canonical
GOBP_INSULIN_RECEPTOR_SIGNALING_PATHWAY,RPS6KB1,canonical
GOBP_INSULIN_RECEPTOR_SIGNALING_PATHWAY,RPS6KB2,canonical
GOBP_INSULIN_RECEPTOR_SIGNALING_PATHWAY,SERPINA12,canonical
GOBP_INSULIN_RECEPTOR_SIGNALING_PATHWAY,SESN3,canonical
GOBP_INSULIN_RECEPTOR_SIGNALING_PATHWAY,SH2B2,canonical
GOBP_INSULIN_RECEPTOR_SIGNALING_PATHWAY,SHC1,canonical
GOBP_INSULIN_RECEPTOR_SIGNALING_PATHWAY,SIK2,canonical
GOBP_INSULIN_RECEPTOR_SIGNALING_PATHWAY,SIRT1,canonical
GOBP_INSULIN_RECEPTOR_SIGNALING_PATHWAY,SLC27A4,canonical
GOBP_INSULIN_RECEPTOR_SIGNALING_PATHWAY,SLC2A8,canonical
GOBP_INSULIN_RECEPTOR_SIGNALING_PATHWAY,SLC39A14,canonical
GOBP_INSULIN_RECEPTOR_SIGNALING_PATHWAY,SMARCC1,canonical
GOBP_INSULIN_RECEPTOR_SIGNALING_PATHWAY,SNX5,canonical
GOBP_INSULIN_RECEPTOR_SIGNALING_PATHWAY,SOCS1,canonical
GOBP_INSULIN_RECEPTOR_SIGNALING_PATHWAY,SOCS3,canonical
GOBP_INSULIN_RECEPTOR_SIGNALING_PATHWAY,SOCS7,canonical
GOBP_INSULIN_RECEPTOR_SIGNALING_PATHWAY,SORBS1,canonical
GOBP_INSULIN_RECEPTOR_SIGNALING_PATHWAY,SORL1,canonical
GOBP_INSULIN_RECEPTOR_SIGNALING_PATHWAY,SOS1,canonical
GOBP_INSULIN_RECEPTOR_SIGNALING_PATHWAY,SOS2,canonical
GOBP_INSULIN_RECEPTOR_SIGNALING_PATHWAY,SREBF1,canonical
GOBP_INSULIN_RECEPTOR_SIGNALING_PATHWAY,STXBP4,canonical
GOBP_INSULIN_RECEPTOR_SIGNALING_PATHWAY,TNS2,canonical
GOBP_INSULIN_RECEPTOR_SIGNALING_PATHWAY,TRIB3,canonical
GOBP_INSULIN_RECEPTOR_SIGNALING_PATHWAY,TRIM72,canonical
GOBP_INSULIN_RECEPTOR_SIGNALING_PATHWAY,TSC2,canonical
GOBP_INSULIN_RECEPTOR_SIGNALING_PATHWAY,VWA2,canonical
GOBP_INSULIN_RECEPTOR_SIGNALING_PATHWAY,ZBTB7B,canonical
GOBP_INSULIN_RECEPTOR_SIGNALING_PATHWAY,ZNF106,canonical
GOBP_INSULIN_RECEPTOR_SIGNALING_PATHWAY,ZNF592,canonical
GOBP_REGULATION_OF_GLUCOSE_METABOLIC_PROCESS,ACACB,canonical
GOBP_REGULATION_OF_GLUCOSE_METABOLIC_PROCESS,ACADM,canonical
GOBP_REGULATION_OF_GLUCOSE_METABOLIC_PROCESS,ACTN3,canonical
GOBP_REGULATION_OF_GLUCOSE_METABOLIC_PROCESS,ADCY10,canonical
GOBP_REGULATION_OF_GLUCOSE_METABOLIC_PROCESS,ADIPOQ,canonical
GOBP_REGULATION_OF_GLUCOSE_METABOLIC_PROCESS,ADIPOR1,canonical
GOBP_REGULATION_OF_GLUCOSE_METABOLIC_PROCESS,AKT1,canonical
GOBP_REGULATION_OF_GLUCOSE_METABOLIC_PROCESS,AKT2,canonical
GOBP_REGULATION_OF_GLUCOSE_METABOLIC_PROCESS,ARPP19,canonical
GOBP_REGULATION_OF_GLUCOSE_METABOLIC_PROCESS,BCKDK,canonical
GOBP_REGULATION_OF_GLUCOSE_METABOLIC_PROCESS,C1QTNF1,canonical
GOBP_REGULATION_OF_GLUCOSE_METABOLIC_PROCESS,C1QTNF12,canonical
GOBP_REGULATION_OF_GLUCOSE_METABOLIC_PROCESS,C1QTNF3,canonical
GOBP_REGULATION_OF_GLUCOSE_METABOLIC_PROCESS,CLK2,canonical
GOBP_REGULATION_OF_GLUCOSE_METABOLIC_PROCESS,CRY1,canonical
GOBP_REGULATION_OF_GLUCOSE_METABOLIC_PROCESS,DDB1,canonical
GOBP_REGULATION_OF_GLUCOSE_METABOLIC_PROCESS,DGAT2,canonical
GOBP_REGULATION_OF_GLUCOSE_METABOLIC_PROCESS,DGKQ,canonical
GOBP_REGULATION_OF_GLUCOSE_METABOLIC_PROCESS,DYRK2,canonical
GOBP_REGULATION_OF_GLUCOSE_METABOLIC_PROCESS,EP300,canonical
GOBP_REGULATION_OF_GLUCOSE_METABOLIC_PROCESS,EPM2AIP1,canonical
GOBP_REGULATION_OF_GLUCOSE_METABOLIC_PROCESS,ERFE,canonical
GOBP_REGULATION_OF_GLUCOSE_METABOLIC_PROCESS,FBP1,canonical
GOBP_REGULATION_OF_GLUCOSE_METABOLIC_PROCESS,FOXK1,canonical
GOBP_REGULATION_OF_GLUCOSE_METABOLIC_PROCESS,FOXK2,canonical
GOBP_REGULATION_OF_GLUCOSE_METABOLIC_PROCESS,FOXO1,canonical
GOBP_REGULATION_OF_GLUCOSE_METABOLIC_PROCESS,GCG,canonical
GOBP_REGULATION_OF_GLUCOSE_METABOLIC_PROCESS,GCK,canonical
GOBP_REGULATION_OF_GLUCOSE_METABOLIC_PROCESS,GNB3,canonical
GOBP_REGULATION_OF_GLUCOSE_METABOLIC_PROCESS,GNMT,canonical
GOBP_REGULATION_OF_GLUCOSE_METABOLIC_PROCESS,GPLD1,canonical
GOBP_REGULATION_OF_GLUCOSE_METABOLIC_PROCESS,GSK3A,canonical
GOBP_REGULATION_OF_GLUCOSE_METABOLIC_PROCESS,HMGB1,canonical
GOBP_REGULATION_OF_GLUCOSE_METABOLIC_PROCESS,IGF1,canonical
GOBP_REGULATION_OF_GLUCOSE_METABOLIC_PROCESS,IGF2,canonical
GOBP_REGULATION_OF_GLUCOSE_METABOLIC_PROCESS,IGFBP3,canonical
GOBP_REGULATION_OF_GLUCOSE_METABOLIC_PROCESS,IGFBP4,canonical
GOBP_REGULATION_OF_GLUCOSE_METABOLIC_PROCESS,INS,canonical
GOBP_REGULATION_OF_GLUCOSE_METABOLIC_PROCESS,INSR,canonical
GOBP_REGULATION_OF_GLUCOSE_METABOLIC_PROCESS,IRS1,canonical
GOBP_REGULATION_OF_GLUCOSE_METABOLIC_PROCESS,IRS2,canonical
GOBP_REGULATION_OF_GLUCOSE_METABOLIC_PROCESS,KAT2A,canonical
GOBP_REGULATION_OF_GLUCOSE_METABOLIC_PROCESS,KAT2B,canonical
GOBP_REGULATION_OF_GLUCOSE_METABOLIC_PROCESS,LCMT1,canonical
GOBP_REGULATION_OF_GLUCOSE_METABOLIC_PROCESS,LEP,canonical
GOBP_REGULATION_OF_GLUCOSE_METABOLIC_PROCESS,LEPR,canonical
GOBP_REGULATION_OF_GLUCOSE_METABOLIC_PROCESS,MIR103A1,canonical
GOBP_REGULATION_OF_GLUCOSE_METABOLIC_PROCESS,MIR107,canonical
GOBP_REGULATION_OF_GLUCOSE_METABOLIC_PROCESS,MIR210,canonical
GOBP_REGULATION_OF_GLUCOSE_METABOLIC_PROCESS,MLYCD,canonical
GOBP_REGULATION_OF_GLUCOSE_METABOLIC_PROCESS,MST1,canonical
GOBP_REGULATION_OF_GLUCOSE_METABOLIC_PROCESS,MTCL2,canonical
GOBP_REGULATION_OF_GLUCOSE_METABOLIC_PROCESS,NCOA2,canonical
GOBP_REGULATION_OF_GLUCOSE_METABOLIC_PROCESS,NFE2L1,canonical
GOBP_REGULATION_OF_GLUCOSE_METABOLIC_PROCESS,NLN,canonical
GOBP_REGULATION_OF_GLUCOSE_METABOLIC_PROCESS,NNMT,canonical
GOBP_REGULATION_OF_GLUCOSE_METABOLIC_PROCESS,NR0B1,canonical
GOBP_REGULATION_OF_GLUCOSE_METABOLIC_PROCESS,NR3C1,canonical
GOBP_REGULATION_OF_GLUCOSE_METABOLIC_PROCESS,OGT,canonical
GOBP_REGULATION_OF_GLUCOSE_METABOLIC_PROCESS,PDK1,canonical
GOBP_REGULATION_OF_GLUCOSE_METABOLIC_PROCESS,PDK2,canonical
GOBP_REGULATION_OF_GLUCOSE_METABOLIC_PROCESS,PDK3,canonical
GOBP_REGULATION_OF_GLUCOSE_METABOLIC_PROCESS,PDK4,canonical
GOBP_REGULATION_OF_GLUCOSE_METABOLIC_PROCESS,PGP,canonical
GOBP_REGULATION_OF_GLUCOSE_METABOLIC_PROCESS,PHKA1,canonical
GOBP_REGULATION_OF_GLUCOSE_METABOLIC_PROCESS,PHKG2,canonical
GOBP_REGULATION_OF_GLUCOSE_METABOLIC_PROCESS,PMAIP1,canonical
GOBP_REGULATION_OF_GLUCOSE_METABOLIC_PROCESS,PPARA,canonical
GOBP_REGULATION_OF_GLUCOSE_METABOLIC_PROCESS,PPARGC1A,canonical
GOBP_REGULATION_OF_GLUCOSE_METABOLIC_PROCESS,PPP1CA,canonical
GOBP_REGULATION_OF_GLUCOSE_METABOLIC_PROCESS,PPP1R3B,canonical
GOBP_REGULATION_OF_GLUCOSE_METABOLIC_PROCESS,PPP1R3E,canonical
GOBP_REGULATION_OF_GLUCOSE_METABOLIC_PROCESS,PPP1R3G,canonical
GOBP_REGULATION_OF_GLUCOSE_METABOLIC_PROCESS,PPP4R3A,canonical
GOBP_REGULATION_OF_GLUCOSE_METABOLIC_PROCESS,PPP4R3B,canonical
GOBP_REGULATION_OF_GLUCOSE_METABOLIC_PROCESS,PRKACA,canonical
GOBP_REGULATION_OF_GLUCOSE_METABOLIC_PROCESS,PRKAG1,canonical
GOBP_REGULATION_OF_GLUCOSE_METABOLIC_PROCESS,PRKAG2,canonical
GOBP_REGULATION_OF_GLUCOSE_METABOLIC_PROCESS,PRKAG3,canonical
GOBP_REGULATION_OF_GLUCOSE_METABOLIC_PROCESS,PRKN,canonical
GOBP_REGULATION_OF_GLUCOSE_METABOLIC_PROCESS,PTH,canonical
GOBP_REGULATION_OF_GLUCOSE_METABOLIC_PROCESS,PTPN2,canonical
GOBP_REGULATION_OF_GLUCOSE_METABOLIC_PROCESS,RANBP2,canonical
GOBP_REGULATION_OF_GLUCOSE_METABOLIC_PROCESS,RORA,canonical
GOBP_REGULATION_OF_GLUCOSE_METABOLIC_PROCESS,RORC,canonical
GOBP_REGULATION_OF_GLUCOSE_METABOLIC_PROCESS,SDHAF3,canonical
GOBP_REGULATION_OF_GLUCOSE_METABOLIC_PROCESS,SELENOS,canonical
GOBP_REGULATION_OF_GLUCOSE_METABOLIC_PROCESS,SERPINA12,canonical
GOBP_REGULATION_OF_GLUCOSE_METABOLIC_PROCESS,SESN2,canonical
GOBP_REGULATION_OF_GLUCOSE_METABOLIC_PROCESS,SIK1,canonical
GOBP_REGULATION_OF_GLUCOSE_METABOLIC_PROCESS,SIRT1,canonical
GOBP_REGULATION_OF_GLUCOSE_METABOLIC_PROCESS,SIRT6,canonical
GOBP_REGULATION_OF_GLUCOSE_METABOLIC_PROCESS,SIRT7,canonical
GOBP_REGULATION_OF_GLUCOSE_METABOLIC_PROCESS,SLC35B4,canonical
GOBP_REGULATION_OF_GLUCOSE_METABOLIC_PROCESS,SLC45A3,canonical
GOBP_REGULATION_OF_GLUCOSE_METABOLIC_PROCESS,SORBS1,canonical
GOBP_REGULATION_OF_GLUCOSE_METABOLIC_PROCESS,TCF7L2,canonical
GOBP_REGULATION_OF_GLUCOSE_METABOLIC_PROCESS,TFF3,canonical
GOBP_REGULATION_OF_GLUCOSE_METABOLIC_PROCESS,TIGAR,canonical
GOBP_REGULATION_OF_GLUCOSE_METABOLIC_PROCESS,TP53,canonical
GOBP_REGULATION_OF_GLUCOSE_METABOLIC_PROCESS,USP7,canonical
GOBP_REGULATION_OF_GLUCOSE_METABOLIC_PROCESS,WDR5,canonical
GOBP_REGULATION_OF_GLUCOSE_METABOLIC_PROCESS,ZFP92,canonical
GOBP_REGULATION_OF_GLUCOSE_METABOLIC_PROCESS,ZMPSTE24,canonical
GOBP_REGULATION_OF_GLUCOSE_METABOLIC_PROCESS,ZNF692,canonical
KEGG_INSULIN_SIGNALING_PATHWAY,ACACA,canonical
KEGG_INSULIN_SIGNALING_PATHWAY,ACACB,canonical
KEGG_INSULIN_SIGNALING_PATHWAY,AKT1,canonical
KEGG_INSULIN_SIGNALING_PATHWAY,AKT2,canonical
KEGG_INSULIN_SIGNALING_PATHWAY,AKT3,canonical
KEGG_INSULIN_SIGNALING_PATHWAY,ARAF,canonical
KEGG_INSULIN_SIGNALING_PATHWAY,BAD,canonical
KEGG_INSULIN_SIGNALING_PATHWAY,BRAF,canonical
KEGG_INSULIN_SIGNALING_PATHWAY,CALM1,canonical
KEGG_INSULIN_SIGNALING_PATHWAY,CALM2,canonical
KEGG_INSULIN_SIGNALING_PATHWAY,CALM3,canonical
KEGG_INSULIN_SIGNALING_PATHWAY,CALML3,canonical
KEGG_INSULIN_SIGNALING_PATHWAY,CALML5,canonical
KEGG_INSULIN_SIGNALING_PATHWAY,CALML6,canonical
KEGG_INSULIN_SIGNALING_PATHWAY,CBL,canonical
KEGG_INSULIN_SIGNALING_PATHWAY,CBLB,canonical
KEGG_INSULIN_SIGNALING_PATHWAY,CBLC,canonical
KEGG_INSULIN_SIGNALING_PATHWAY,CRK,canonical
KEGG_INSULIN_SIGNALING_PATHWAY,CRKL,canonical
KEGG_INSULIN_SIGNALING_PATHWAY,EIF4E,canonical
KEGG_INSULIN_SIGNALING_PATHWAY,EIF4E1B,canonical
KEGG_INSULIN_SIGNALING_PATHWAY,EIF4E2,canonical
KEGG_INSULIN_SIGNALING_PATHWAY,EIF4EBP1,canonical
KEGG_INSULIN_SIGNALING_PATHWAY,ELK1,canonical
KEGG_INSULIN_SIGNALING_PATHWAY,EXOC7,canonical
KEGG_INSULIN_SIGNALING_PATHWAY,FASN,canonical
KEGG_INSULIN_SIGNALING_PATHWAY,FBP1,canonical
KEGG_INSULIN_SIGNALING_PATHWAY,FBP2,canonical
KEGG_INSULIN_SIGNALING_PATHWAY,FLOT1,canonical
KEGG_INSULIN_SIGNALING_PATHWAY,FLOT2,canonical
KEGG_INSULIN_SIGNALING_PATHWAY,FOXO1,canonical
KEGG_INSULIN_SIGNALING_PATHWAY,G6PC1,canonical
KEGG_INSULIN_SIGNALING_PATHWAY,G6PC2,canonical
KEGG_INSULIN_SIGNALING_PATHWAY,GCK,canonical
KEGG_INSULIN_SIGNALING_PATHWAY,GRB2,canonical
KEGG_INSULIN_SIGNALING_PATHWAY,GSK3B,canonical
KEGG_INSULIN_SIGNALING_PATHWAY,GYS1,canonical
KEGG_INSULIN_SIGNALING_PATHWAY,GYS2,canonical
KEGG_INSULIN_SIGNALING_PATHWAY,HK1,canonical
KEGG_INSULIN_SIGNALING_PATHWAY,HK2,canonical
KEGG_INSULIN_SIGNALING_PATHWAY,HK3,canonical
KEGG_INSULIN_SIGNALING_PATHWAY,HRAS,canonical
KEGG_INSULIN_SIGNALING_PATHWAY,IKBKB,canonical
KEGG_INSULIN_SIGNALING_PATHWAY,INPP5D,canonical
KEGG_INSULIN_SIGNALING_PATHWAY,INPP5K,canonical
KEGG_INSULIN_SIGNALING_PATHWAY,INS,canonical
KEGG_INSULIN_SIGNALING_PATHWAY,INSR,canonical
KEGG_INSULIN_SIGNALING_PATHWAY,IRS1,canonical
KEGG_INSULIN_SIGNALING_PATHWAY,IRS2,canonical
KEGG_INSULIN_SIGNALING_PATHWAY,IRS4,canonical
KEGG_INSULIN_SIGNALING_PATHWAY,KRAS,canonical
KEGG_INSULIN_SIGNALING_PATHWAY,LIPE,canonical
KEGG_INSULIN_SIGNALING_PATHWAY,MAP2K1,canonical
KEGG_INSULIN_SIGNALING_PATHWAY,MAP2K2,canonical
KEGG_INSULIN_SIGNALING_PATHWAY,MAPK1,canonical
KEGG_INSULIN_SIGNALING_PATHWAY,MAPK10,canonical
KEGG_INSULIN_SIGNALING_PATHWAY,MAPK3,canonical
KEGG_INSULIN_SIGNALING_PATHWAY,MAPK8,canonical
KEGG_INSULIN_SIGNALING_PATHWAY,MAPK9,canonical
KEGG_INSULIN_SIGNALING_PATHWAY,MKNK1,canonical
KEGG_INSULIN_SIGNALING_PATHWAY,MKNK2,canonical
KEGG_INSULIN_SIGNALING_PATHWAY,MTOR,canonical
KEGG_INSULIN_SIGNALING_PATHWAY,NRAS,canonical
KEGG_INSULIN_SIGNALING_PATHWAY,PCK1,canonical
KEGG_INSULIN_SIGNALING_PATHWAY,PCK2,canonical
KEGG_INSULIN_SIGNALING_PATHWAY,PDE3A,canonical
KEGG_INSULIN_SIGNALING_PATHWAY,PDE3B,canonical
KEGG_INSULIN_SIGNALING_PATHWAY,PDPK1,canonical
KEGG_INSULIN_SIGNALING_PATHWAY,PHKA1,canonical
KEGG_INSULIN_SIGNALING_PATHWAY,PHKA2,canonical
KEGG_INSULIN_SIGNALING_PATHWAY,PHKB,canonical
KEGG_INSULIN_SIGNALING_PATHWAY,PHKG1,canonical
KEGG_INSULIN_SIGNALING_PATHWAY,PHKG2,canonical
KEGG_INSULIN_SIGNALING_PATHWAY,PIK3CA,canonical
KEGG_INSULIN_SIGNALING_PATHWAY,PIK3CB,canonical
KEGG_INSULIN_SIGNALING_PATHWAY,PIK3CD,canonical
KEGG_INSULIN_SIGNALING_PATHWAY,PIK3CG,canonical
KEGG_INSULIN_SIGNALING_PATHWAY,PIK3R1,canonical
KEGG_INSULIN_SIGNALING_PATHWAY,PIK3R2,canonical
KEGG_INSULIN_SIGNALING_PATHWAY,PIK3R3,canonical
KEGG_INSULIN_SIGNALING_PATHWAY,PIK3R5,canonical
KEGG_INSULIN_SIGNALING_PATHWAY,PKLR,canonical
KEGG_INSULIN_SIGNALING_PATHWAY,PPARGC1A,canonical
KEGG_INSULIN_SIGNALING_PATHWAY,PPP1CA,canonical
KEGG_INSULIN_SIGNALING_PATHWAY,PPP1CB,canonical
KEGG_INSULIN_SIGNALING_PATHWAY,PPP1CC,canonical
KEGG_INSULIN_SIGNALING_PATHWAY,PPP1R3A,canonical
KEGG_INSULIN_SIGNALING_PATHWAY,PPP1R3B,canonical
KEGG_INSULIN_SIGNALING_PATHWAY,PPP1R3C,canonical
KEGG_INSULIN_SIGNALING_PATHWAY,PPP1R3D,canonical
KEGG_INSULIN_SIGNALING_PATHWAY,PRKAA1,canonical
KEGG_INSULIN_SIGNALING_PATHWAY,PRKAA2,canonical
KEGG_INSULIN_SIGNALING_PATHWAY,PRKAB1,canonical
KEGG_INSULIN_SIGNALING_PATHWAY,PRKAB2,canonical
KEGG_INSULIN_SIGNALING_PATHWAY,PRKACA,canonical
KEGG_INSULIN_SIGNALING_PATHWAY,PRKACB,canonical
KEGG_INSULIN_SIGNALING_PATHWAY,PRKACG,canonical
KEGG_INSULIN_SIGNALING_PATHWAY,PRKAG1,canonical
KEGG_INSULIN_SIGNALING_PATHWAY,PRKAG2,canonical
KEGG_INSULIN_SIGNALING_PATHWAY,PRKAG3,canonical
KEGG_INSULIN_SIGNALING_PATHWAY,PRKAR1A,canonical
KEGG_INSULIN_SIGNALING_PATHWAY,PRKAR1B,canonical
KEGG_INSULIN_SIGNALING_PATHWAY,PRKAR2A,canonical
KEGG_INSULIN_SIGNALING_PATHWAY,PRKAR2B,canonical
KEGG_INSULIN_SIGNALING_PATHWAY,PRKCI,canonical
KEGG_INSULIN_SIGNALING_PATHWAY,PRKCZ,canonical
KEGG_INSULIN_SIGNALING_PATHWAY,PRKX,canonical
KEGG_INSULIN_SIGNALING_PATHWAY,PTPN1,canonical
KEGG_INSULIN_SIGNALING_PATHWAY,PTPRF,canonical
KEGG_INSULIN_SIGNALING_PATHWAY,PYGB,canonical
KEGG_INSULIN_SIGNALING_PATHWAY,PYGL,canonical
KEGG_INSULIN_SIGNALING_PATHWAY,PYGM,canonical
KEGG_INSULIN_SIGNALING_PATHWAY,RAF1,canonical
KEGG_INSULIN_SIGNALING_PATHWAY,RAPGEF1,canonical
KEGG_INSULIN_SIGNALING_PATHWAY,RHEB,canonical
KEGG_INSULIN_SIGNALING_PATHWAY,RHOQ,canonical
KEGG_INSULIN_SIGNALING_PATHWAY,RPS6,canonical
KEGG_INSULIN_SIGNALING_PATHWAY,RPS6KB1,canonical
KEGG_INSULIN_SIGNALING_PATHWAY,RPS6KB2,canonical
KEGG_INSULIN_SIGNALING_PATHWAY,RPTOR,canonical
KEGG_INSULIN_SIGNALING_PATHWAY,SH2B2,canonical
KEGG_INSULIN_SIGNALING_PATHWAY,SHC1,canonical
KEGG_INSULIN_SIGNALING_PATHWAY,SHC2,canonical
KEGG_INSULIN_SIGNALING_PATHWAY,SHC3,canonical
KEGG_INSULIN_SIGNALING_PATHWAY,SHC4,canonical
KEGG_INSULIN_SIGNALING_PATHWAY,SLC2A4,canonical
KEGG_INSULIN_SIGNALING_PATHWAY,SOCS1,canonical
KEGG_INSULIN_SIGNALING_PATHWAY,SOCS2,canonical
KEGG_INSULIN_SIGNALING_PATHWAY,SOCS3,canonical
KEGG_INSULIN_SIGNALING_PATHWAY,SOCS4,canonical
KEGG_INSULIN_SIGNALING_PATHWAY,SORBS1,canonical
KEGG_INSULIN_SIGNALING_PATHWAY,SOS1,canonical
KEGG_INSULIN_SIGNALING_PATHWAY,SOS2,canonical
KEGG_INSULIN_SIGNALING_PATHWAY,SREBF1,canonical
KEGG_INSULIN_SIGNALING_PATHWAY,TRIP10,canonical
KEGG_INSULIN_SIGNALING_PATHWAY,TSC1,canonical
KEGG_INSULIN_SIGNALING_PATHWAY,TSC2,canonical
KEGG_PPAR_SIGNALING_PATHWAY,ACAA1,canonical
KEGG_PPAR_SIGNALING_PATHWAY,ACADL,canonical
KEGG_PPAR_SIGNALING_PATHWAY,ACADM,canonical
KEGG_PPAR_SIGNALING_PATHWAY,ACOX1,canonical
KEGG_PPAR_SIGNALING_PATHWAY,ACOX2,canonical
KEGG_PPAR_SIGNALING_PATHWAY,ACOX3,canonical
KEGG_PPAR_SIGNALING_PATHWAY,ACSL1,canonical
KEGG_PPAR_SIGNALING_PATHWAY,ACSL3,canonical
KEGG_PPAR_SIGNALING_PATHWAY,ACSL4,canonical
KEGG_PPAR_SIGNALING_PATHWAY,ACSL5,canonical
KEGG_PPAR_SIGNALING_PATHWAY,ACSL6,canonical
KEGG_PPAR_SIGNALING_PATHWAY,ADIPOQ,canonical
KEGG_PPAR_SIGNALING_PATHWAY,ANGPTL4,canonical
KEGG_PPAR_SIGNALING_PATHWAY,APOA1,canonical
KEGG_PPAR_SIGNALING_PATHWAY,APOA2,canonical
KEGG_PPAR_SIGNALING_PATHWAY,APOA5,canonical
KEGG_PPAR_SIGNALING_PATHWAY,APOC3,canonical
KEGG_PPAR_SIGNALING_PATHWAY,AQP7,canonical
KEGG_PPAR_SIGNALING_PATHWAY,CD36,canonical
KEGG_PPAR_SIGNALING_PATHWAY,CPT1A,canonical
KEGG_PPAR_SIGNALING_PATHWAY,CPT1B,canonical
KEGG_PPAR_SIGNALING_PATHWAY,CPT1C,canonical
KEGG_PPAR_SIGNALING_PATHWAY,CPT2,canonical
KEGG_PPAR_SIGNALING_PATHWAY,CYP27A1,canonical
KEGG_PPAR_SIGNALING_PATHWAY,CYP4A11,canonical
KEGG_PPAR_SIGNALING_PATHWAY,CYP4A22,canonical
KEGG_PPAR_SIGNALING_PATHWAY,CYP7A1,canonical
KEGG_PPAR_SIGNALING_PATHWAY,CYP8B1,canonical
KEGG_PPAR_SIGNALING_PATHWAY,DBI,canonical
KEGG_PPAR_SIGNALING_PATHWAY,EHHADH,canonical
KEGG_PPAR_SIGNALING_PATHWAY,FABP1,canonical
KEGG_PPAR_SIGNALING_PATHWAY,FABP2,canonical
KEGG_PPAR_SIGNALING_PATHWAY,FABP3,canonical
KEGG_PPAR_SIGNALING_PATHWAY,FABP4,canonical
KEGG_PPAR_SIGNALING_PATHWAY,FABP5,canonical
KEGG_PPAR_SIGNALING_PATHWAY,FABP6,canonical
KEGG_PPAR_SIGNALING_PATHWAY,FABP7,canonical
KEGG_PPAR_SIGNALING_PATHWAY,FADS2,canonical
KEGG_PPAR_SIGNALING_PATHWAY,GK,canonical
KEGG_PPAR_SIGNALING_PATHWAY,GK2,canonical
KEGG_PPAR_SIGNALING_PATHWAY,HMGCS2,canonical
KEGG_PPAR_SIGNALING_PATHWAY,ILK,canonical
KEGG_PPAR_SIGNALING_PATHWAY,LPL,canonical
KEGG_PPAR_SIGNALING_PATHWAY,ME1,canonical
KEGG_PPAR_SIGNALING_PATHWAY,MMP1,canonical
KEGG_PPAR_SIGNALING_PATHWAY,NR1H3,canonical
KEGG_PPAR_SIGNALING_PATHWAY,OLR1,canonical
KEGG_PPAR_SIGNALING_PATHWAY,PCK1,canonical
KEGG_PPAR_SIGNALING_PATHWAY,PCK2,canonical
KEGG_PPAR_SIGNALING_PATHWAY,PDPK1,canonical
KEGG_PPAR_SIGNALING_PATHWAY,PLIN1,canonical
KEGG_PPAR_SIGNALING_PATHWAY,PLTP,canonical
KEGG_PPAR_SIGNALING_PATHWAY,PPARA,canonical
KEGG_PPAR_SIGNALING_PATHWAY,PPARD,canonical
KEGG_PPAR_SIGNALING_PATHWAY,PPARG,canonical
KEGG_PPAR_SIGNALING_PATHWAY,RXRA,canonical
KEGG_PPAR_SIGNALING_PATHWAY,RXRB,canonical
KEGG_PPAR_SIGNALING_PATHWAY,RXRG,canonical
KEGG_PPAR_SIGNALING_PATHWAY,SCD,canonical
KEGG_PPAR_SIGNALING_PATHWAY,SCD5,canonical
KEGG_PPAR_SIGNALING_PATHWAY,SCP2,canonical
KEGG_PPAR_SIGNALING_PATHWAY,SLC27A1,canonical
KEGG_PPAR_SIGNALING_PATHWAY,SLC27A2,canonical
KEGG_PPAR_SIGNALING_PATHWAY,SLC27A4,canonical
KEGG_PPAR_SIGNALING_PATHWAY,SLC27A5,canonical
KEGG_PPAR_SIGNALING_PATHWAY,SLC27A6,canonical
KEGG_PPAR_SIGNALING_PATHWAY,SORBS1,canonical
KEGG_PPAR_SIGNALING_PATHWAY,UBC,canonical
KEGG_PPAR_SIGNALING_PATHWAY,UCP1,canonical
KEGG_TYPE_II_DIABETES_MELLITUS,ABCC8,canonical
KEGG_TYPE_II_DIABETES_MELLITUS,ADIPOQ,canonical
KEGG_TYPE_II_DIABETES_MELLITUS,CACNA1A,canonical
KEGG_TYPE_II_DIABETES_MELLITUS,CACNA1B,canonical
KEGG_TYPE_II_DIABETES_MELLITUS,CACNA1C,canonical
KEGG_TYPE_II_DIABETES_MELLITUS,CACNA1D,canonical
KEGG_TYPE_II_DIABETES_MELLITUS,CACNA1E,canonical
KEGG_TYPE_II_DIABETES_MELLITUS,CACNA1G,canonical
KEGG_TYPE_II_DIABETES_MELLITUS,GCK,canonical
KEGG_TYPE_II_DIABETES_MELLITUS,HK1,canonical
KEGG_TYPE_II_DIABETES_MELLITUS,HK2,canonical
KEGG_TYPE_II_DIABETES_MELLITUS,HK3,canonical
KEGG_TYPE_II_DIABETES_MELLITUS,IKBKB,canonical
KEGG_TYPE_II_DIABETES_MELLITUS,INS,canonical
KEGG_TYPE_II_DIABETES_MELLITUS,INSR,canonical
KEGG_TYPE_II_DIABETES_MELLITUS,IRS1,canonical
KEGG_TYPE_II_DIABETES_MELLITUS,IRS2,canonical
KEGG_TYPE_II_DIABETES_MELLITUS,IRS4,canonical
KEGG_TYPE_II_DIABETES_MELLITUS,KCNJ11,canonical
KEGG_TYPE_II_DIABETES_MELLITUS,MAFA,canonical
KEGG_TYPE_II_DIABETES_MELLITUS,MAPK1,canonical
KEGG_TYPE_II_DIABETES_MELLITUS,MAPK10,canonical
KEGG_TYPE_II_DIABETES_MELLITUS,MAPK3,canonical
KEGG_TYPE_II_DIABETES_MELLITUS,MAPK8,canonical
KEGG_TYPE_II_DIABETES_MELLITUS,MAPK9,canonical
KEGG_TYPE_II_DIABETES_MELLITUS,MTOR,canonical
KEGG_TYPE_II_DIABETES_MELLITUS,PDX1,canonical
KEGG_TYPE_II_DIABETES_MELLITUS,PIK3CA,canonical
KEGG_TYPE_II_DIABETES_MELLITUS,PIK3CB,canonical
KEGG_TYPE_II_DIABETES_MELLITUS,PIK3CD,canonical
KEGG_TYPE_II_DIABETES_MELLITUS,PIK3CG,canonical
KEGG_TYPE_II_DIABETES_MELLITUS,PIK3R1,canonical
KEGG_TYPE_II_DIABETES_MELLITUS,PIK3R2,canonical
KEGG_TYPE_II_DIABETES_MELLITUS,PIK3R3,canonical
KEGG_TYPE_II_DIABETES_MELLITUS,PIK3R5,canonical
KEGG_TYPE_II_DIABETES_MELLITUS,PKLR,canonical
KEGG_TYPE_II_DIABETES_MELLITUS,PKM,canonical
KEGG_TYPE_II_DIABETES_MELLITUS,PRKCD,canonical
KEGG_TYPE_II_DIABETES_MELLITUS,PRKCE,canonical
KEGG_TYPE_II_DIABETES_MELLITUS,PRKCZ,canonical
KEGG_TYPE_II_DIABETES_MELLITUS,SLC2A2,canonical
KEGG_TYPE_II_DIABETES_MELLITUS,SLC2A4,canonical
KEGG_TYPE_II_DIABETES_MELLITUS,SOCS1,canonical
KEGG_TYPE_II_DIABETES_MELLITUS,SOCS2,canonical
KEGG_TYPE_II_DIABETES_MELLITUS,SOCS3,canonical
KEGG_TYPE_II_DIABETES_MELLITUS,SOCS4,canonical
KEGG_TYPE_II_DIABETES_MELLITUS,TNF,canonical
REACTOME_FOXO_MEDIATED_TRANSCRIPTION,ABCA6,canonical
REACTOME_FOXO_MEDIATED_TRANSCRIPTION,AGRP,canonical
REACTOME_FOXO_MEDIATED_TRANSCRIPTION,AKT1,canonical
REACTOME_FOXO_MEDIATED_TRANSCRIPTION,AKT2,canonical
REACTOME_FOXO_MEDIATED_TRANSCRIPTION,AKT3,canonical
REACTOME_FOXO_MEDIATED_TRANSCRIPTION,ATXN3,canonical
REACTOME_FOXO_MEDIATED_TRANSCRIPTION,BBC3,canonical
REACTOME_FOXO_MEDIATED_TRANSCRIPTION,BCL2L11,canonical
REACTOME_FOXO_MEDIATED_TRANSCRIPTION,BCL6,canonical
REACTOME_FOXO_MEDIATED_TRANSCRIPTION,BTG1,canonical
REACTOME_FOXO_MEDIATED_TRANSCRIPTION,CAT,canonical
REACTOME_FOXO_MEDIATED_TRANSCRIPTION,CAV1,canonical
REACTOME_FOXO_MEDIATED_TRANSCRIPTION,CCNG2,canonical
REACTOME_FOXO_MEDIATED_TRANSCRIPTION,CDKN1A,canonical
REACTOME_FOXO_MEDIATED_TRANSCRIPTION,CDKN1B,canonical
REACTOME_FOXO_MEDIATED_TRANSCRIPTION,CITED2,canonical
REACTOME_FOXO_MEDIATED_TRANSCRIPTION,CREBBP,canonical
REACTOME_FOXO_MEDIATED_TRANSCRIPTION,DDIT3,canonical
REACTOME_FOXO_MEDIATED_TRANSCRIPTION,EP300,canonical
REACTOME_FOXO_MEDIATED_TRANSCRIPTION,FASLG,canonical
REACTOME_FOXO_MEDIATED_TRANSCRIPTION,FBXO32,canonical
REACTOME_FOXO_MEDIATED_TRANSCRIPTION,FOXG1,canonical
REACTOME_FOXO_MEDIATED_TRANSCRIPTION,FOXO1,canonical
REACTOME_FOXO_MEDIATED_TRANSCRIPTION,FOXO3,canonical
REACTOME_FOXO_MEDIATED_TRANSCRIPTION,FOXO4,canonical
REACTOME_FOXO_MEDIATED_TRANSCRIPTION,FOXO6,canonical
REACTOME_FOXO_MEDIATED_TRANSCRIPTION,G6PC1,canonical
REACTOME_FOXO_MEDIATED_TRANSCRIPTION,GADD45A,canonical
REACTOME_FOXO_MEDIATED_TRANSCRIPTION,GCK,canonical
REACTOME_FOXO_MEDIATED_TRANSCRIPTION,HDAC1,canonical
REACTOME_FOXO_MEDIATED_TRANSCRIPTION,HDAC2,canonical
REACTOME_FOXO_MEDIATED_TRANSCRIPTION,IGFBP1,canonical
REACTOME_FOXO_MEDIATED_TRANSCRIPTION,INS,canonical
REACTOME_FOXO_MEDIATED_TRANSCRIPTION,KAT2B,canonical
REACTOME_FOXO_MEDIATED_TRANSCRIPTION,KLF4,canonical
REACTOME_FOXO_MEDIATED_TRANSCRIPTION,MSTN,canonical
REACTOME_FOXO_MEDIATED_TRANSCRIPTION,NFYA,canonical
REACTOME_FOXO_MEDIATED_TRANSCRIPTION,NFYB,canonical
REACTOME_FOXO_MEDIATED_TRANSCRIPTION,NFYC,canonical
REACTOME_FOXO_MEDIATED_TRANSCRIPTION,NPY,canonical
REACTOME_FOXO_MEDIATED_TRANSCRIPTION,NR3C1,canonical
REACTOME_FOXO_MEDIATED_TRANSCRIPTION,PCBP4,canonical
REACTOME_FOXO_MEDIATED_TRANSCRIPTION,PCK1,canonical
REACTOME_FOXO_MEDIATED_TRANSCRIPTION,PINK1,canonical
REACTOME_FOXO_MEDIATED_TRANSCRIPTION,PLXNA4,canonical
REACTOME_FOXO_MEDIATED_TRANSCRIPTION,POMC,canonical
REACTOME_FOXO_MEDIATED_TRANSCRIPTION,PPARGC1A,canonical
REACTOME_FOXO_MEDIATED_TRANSCRIPTION,RBL2,canonical
REACTOME_FOXO_MEDIATED_TRANSCRIPTION,RETN,canonical
REACTOME_FOXO_MEDIATED_TRANSCRIPTION,SFN,canonical
REACTOME_FOXO_MEDIATED_TRANSCRIPTION,SIN3A,canonical
REACTOME_FOXO_MEDIATED_TRANSCRIPTION,SIRT1,canonical
REACTOME_FOXO_MEDIATED_TRANSCRIPTION,SIRT3,canonical
REACTOME_FOXO_MEDIATED_TRANSCRIPTION,SMAD2,canonical
REACTOME_FOXO_MEDIATED_TRANSCRIPTION,SMAD3,canonical
REACTOME_FOXO_MEDIATED_TRANSCRIPTION,SMAD4,canonical
REACTOME_FOXO_MEDIATED_TRANSCRIPTION,SOD2,canonical
REACTOME_FOXO_MEDIATED_TRANSCRIPTION,SREBF1,canonical
REACTOME_FOXO_MEDIATED_TRANSCRIPTION,STK11,canonical
REACTOME_FOXO_MEDIATED_TRANSCRIPTION,TRIM63,canonical
REACTOME_FOXO_MEDIATED_TRANSCRIPTION,TXN,canonical
REACTOME_FOXO_MEDIATED_TRANSCRIPTION,TXNIP,canonical
REACTOME_FOXO_MEDIATED_TRANSCRIPTION,YWHAB,canonical
REACTOME_FOXO_MEDIATED_TRANSCRIPTION,YWHAG,canonical
REACTOME_FOXO_MEDIATED_TRANSCRIPTION,YWHAQ,canonical
REACTOME_FOXO_MEDIATED_TRANSCRIPTION,YWHAZ,canonical
REACTOME_INSULIN_RECEPTOR_SIGNALLING_CASCADE,AKT2,canonical
REACTOME_INSULIN_RECEPTOR_SIGNALLING_CASCADE,FGF1,canonical
REACTOME_INSULIN_RECEPTOR_SIGNALLING_CASCADE,FGF10,canonical
REACTOME_INSULIN_RECEPTOR_SIGNALLING_CASCADE,FGF16,canonical
REACTOME_INSULIN_RECEPTOR_SIGNALLING_CASCADE,FGF17,canonical
REACTOME_INSULIN_RECEPTOR_SIGNALLING_CASCADE,FGF18,canonical
REACTOME_INSULIN_RECEPTOR_SIGNALLING_CASCADE,FGF19,canonical
REACTOME_INSULIN_RECEPTOR_SIGNALLING_CASCADE,FGF2,canonical
REACTOME_INSULIN_RECEPTOR_SIGNALLING_CASCADE,FGF20,canonical
REACTOME_INSULIN_RECEPTOR_SIGNALLING_CASCADE,FGF22,canonical
REACTOME_INSULIN_RECEPTOR_SIGNALLING_CASCADE,FGF23,canonical
REACTOME_INSULIN_RECEPTOR_SIGNALLING_CASCADE,FGF3,canonical
REACTOME_INSULIN_RECEPTOR_SIGNALLING_CASCADE,FGF4,canonical
REACTOME_INSULIN_RECEPTOR_SIGNALLING_CASCADE,FGF5,canonical
REACTOME_INSULIN_RECEPTOR_SIGNALLING_CASCADE,FGF6,canonical
REACTOME_INSULIN_RECEPTOR_SIGNALLING_CASCADE,FGF7,canonical
REACTOME_INSULIN_RECEPTOR_SIGNALLING_CASCADE,FGF8,canonical
REACTOME_INSULIN_RECEPTOR_SIGNALLING_CASCADE,FGF9,canonical
REACTOME_INSULIN_RECEPTOR_SIGNALLING_CASCADE,FGFR1,canonical
REACTOME_INSULIN_RECEPTOR_SIGNALLING_CASCADE,FGFR2,canonical
REACTOME_INSULIN_RECEPTOR_SIGNALLING_CASCADE,FGFR3,canonical
REACTOME_INSULIN_RECEPTOR_SIGNALLING_CASCADE,FGFR4,canonical
REACTOME_INSULIN_RECEPTOR_SIGNALLING_CASCADE,FLT3,canonical
REACTOME_INSULIN_RECEPTOR_SIGNALLING_CASCADE,FLT3LG,canonical
REACTOME_INSULIN_RECEPTOR_SIGNALLING_CASCADE,FRS2,canonical
REACTOME_INSULIN_RECEPTOR_SIGNALLING_CASCADE,GAB1,canonical
REACTOME_INSULIN_RECEPTOR_SIGNALLING_CASCADE,GAB2,canonical
REACTOME_INSULIN_RECEPTOR_SIGNALLING_CASCADE,GRB10,canonical
REACTOME_INSULIN_RECEPTOR_SIGNALLING_CASCADE,GRB2,canonical
REACTOME_INSULIN_RECEPTOR_SIGNALLING_CASCADE,HRAS,canonical
REACTOME_INSULIN_RECEPTOR_SIGNALLING_CASCADE,INS,canonical
REACTOME_INSULIN_RECEPTOR_SIGNALLING_CASCADE,INSR,canonical
REACTOME_INSULIN_RECEPTOR_SIGNALLING_CASCADE,IRS1,canonical
REACTOME_INSULIN_RECEPTOR_SIGNALLING_CASCADE,IRS2,canonical
REACTOME_INSULIN_RECEPTOR_SIGNALLING_CASCADE,KL,canonical
REACTOME_INSULIN_RECEPTOR_SIGNALLING_CASCADE,KLB,canonical
REACTOME_INSULIN_RECEPTOR_SIGNALLING_CASCADE,KRAS,canonical
REACTOME_INSULIN_RECEPTOR_SIGNALLING_CASCADE,MAPK1,canonical
REACTOME_INSULIN_RECEPTOR_SIGNALLING_CASCADE,MAPK3,canonical
REACTOME_INSULIN_RECEPTOR_SIGNALLING_CASCADE,NRAS,canonical
REACTOME_INSULIN_RECEPTOR_SIGNALLING_CASCADE,PDE3B,canonical
REACTOME_INSULIN_RECEPTOR_SIGNALLING_CASCADE,PDPK1,canonical
REACTOME_INSULIN_RECEPTOR_SIGNALLING_CASCADE,PIK3C3,canonical
REACTOME_INSULIN_RECEPTOR_SIGNALLING_CASCADE,PIK3CA,canonical
REACTOME_INSULIN_RECEPTOR_SIGNALLING_CASCADE,PIK3CB,canonical
REACTOME_INSULIN_RECEPTOR_SIGNALLING_CASCADE,PIK3R1,canonical
REACTOME_INSULIN_RECEPTOR_SIGNALLING_CASCADE,PIK3R2,canonical
REACTOME_INSULIN_RECEPTOR_SIGNALLING_CASCADE,PIK3R4,canonical
REACTOME_INSULIN_RECEPTOR_SIGNALLING_CASCADE,PTPN11,canonical
REACTOME_INSULIN_RECEPTOR_SIGNALLING_CASCADE,SHC1,canonical
REACTOME_INSULIN_RECEPTOR_SIGNALLING_CASCADE,SOS1,canonical
REACTOME_INSULIN_RECEPTOR_SIGNALLING_CASCADE,THEM4,canonical
REACTOME_INSULIN_RECEPTOR_SIGNALLING_CASCADE,TLR9,canonical
REACTOME_INSULIN_RECEPTOR_SIGNALLING_CASCADE,TRIB3,canonical
REACTOME_MTORC1_MEDIATED_SIGNALLING,AKT1S1,canonical
REACTOME_MTORC1_MEDIATED_SIGNALLING,EEF2K,canonical
REACTOME_MTORC1_MEDIATED_SIGNALLING,EIF4B,canonical
REACTOME_MTORC1_MEDIATED_SIGNALLING,EIF4E,canonical
REACTOME_MTORC1_MEDIATED_SIGNALLING,EIF4EBP1,canonical
REACTOME_MTORC1_MEDIATED_SIGNALLING,EIF4G1,canonical
REACTOME_MTORC1_MEDIATED_SIGNALLING,FKBP1A,canonical
REACTOME_MTORC1_MEDIATED_SIGNALLING,LAMTOR1,canonical
REACTOME_MTORC1_MEDIATED_SIGNALLING,LAMTOR2,canonical
REACTOME_MTORC1_MEDIATED_SIGNALLING,LAMTOR3,canonical
REACTOME_MTORC1_MEDIATED_SIGNALLING,LAMTOR4,canonical
REACTOME_MTORC1_MEDIATED_SIGNALLING,LAMTOR5,canonical
REACTOME_MTORC1_MEDIATED_SIGNALLING,MLST8,canonical
REACTOME_MTORC1_MEDIATED_SIGNALLING,MTOR,canonical
REACTOME_MTORC1_MEDIATED_SIGNALLING,RHEB,canonical
REACTOME_MTORC1_MEDIATED_SIGNALLING,RPS6,canonical
REACTOME_MTORC1_MEDIATED_SIGNALLING,RPS6KB1,canonical
REACTOME_MTORC1_MEDIATED_SIGNALLING,RPTOR,canonical
REACTOME_MTORC1_MEDIATED_SIGNALLING,RRAGA,canonical
REACTOME_MTORC1_MEDIATED_SIGNALLING,RRAGB,canonical
REACTOME_MTORC1_MEDIATED_SIGNALLING,RRAGC,canonical
REACTOME_MTORC1_MEDIATED_SIGNALLING,RRAGD,canonical
REACTOME_MTORC1_MEDIATED_SIGNALLING,SLC38A9,canonical
REACTOME_MTORC1_MEDIATED_SIGNALLING,YWHAB,canonical
REACTOME_MTOR_SIGNALLING,AKT1,canonical
REACTOME_MTOR_SIGNALLING,AKT1S1,canonical
REACTOME_MTOR_SIGNALLING,AKT2,canonical
REACTOME_MTOR_SIGNALLING,CAB39,canonical
REACTOME_MTOR_SIGNALLING,CAB39L,canonical
REACTOME_MTOR_SIGNALLING,EEF2K,canonical
REACTOME_MTOR_SIGNALLING,EIF4B,canonical
REACTOME_MTOR_SIGNALLING,EIF4E,canonical
REACTOME_MTOR_SIGNALLING,EIF4EBP1,canonical
REACTOME_MTOR_SIGNALLING,EIF4G1,canonical
REACTOME_MTOR_SIGNALLING,FKBP1A,canonical
REACTOME_MTOR_SIGNALLING,LAMTOR1,canonical
REACTOME_MTOR_SIGNALLING,LAMTOR2,canonical
REACTOME_MTOR_SIGNALLING,LAMTOR3,canonical
REACTOME_MTOR_SIGNALLING,LAMTOR4,canonical
REACTOME_MTOR_SIGNALLING,LAMTOR5,canonical
REACTOME_MTOR_SIGNALLING,MLST8,canonical
REACTOME_MTOR_SIGNALLING,MTOR,canonical
REACTOME_MTOR_SIGNALLING,PPM1A,canonical
REACTOME_MTOR_SIGNALLING,PRKAA1,canonical
REACTOME_MTOR_SIGNALLING,PRKAA2,canonical
REACTOME_MTOR_SIGNALLING,PRKAB1,canonical
REACTOME_MTOR_SIGNALLING,PRKAB2,canonical
REACTOME_MTOR_SIGNALLING,PRKAG1,canonical
REACTOME_MTOR_SIGNALLING,PRKAG2,canonical
REACTOME_MTOR_SIGNALLING,PRKAG3,canonical
REACTOME_MTOR_SIGNALLING,RHEB,canonical
REACTOME_MTOR_SIGNALLING,RPS6,canonical
REACTOME_MTOR_SIGNALLING,RPS6KB1,canonical
REACTOME_MTOR_SIGNALLING,RPTOR,canonical
REACTOME_MTOR_SIGNALLING,RRAGA,canonical
REACTOME_MTOR_SIGNALLING,RRAGB,canonical
REACTOME_MTOR_SIGNALLING,RRAGC,canonical
REACTOME_MTOR_SIGNALLING,RRAGD,canonical
REACTOME_MTOR_SIGNALLING,SLC38A9,canonical
REACTOME_MTOR_SIGNALLING,STK11,canonical
REACTOME_MTOR_SIGNALLING,STRADA,canonical
REACTOME_MTOR_SIGNALLING,STRADB,canonical
REACTOME_MTOR_SIGNALLING,TSC1,canonical
REACTOME_MTOR_SIGNALLING,TSC2,canonical
REACTOME_MTOR_SIGNALLING,YWHAB,canonical
GOBP_INTRACELLULAR_GLUCOSE_HOMEOSTASIS,ABCA12,expanded
GOBP_INTRACELLULAR_GLUCOSE_HOMEOSTASIS,ABCC8,expanded
GOBP_INTRACELLULAR_GLUCOSE_HOMEOSTASIS,ADCY5,expanded
GOBP_INTRACELLULAR_GLUCOSE_HOMEOSTASIS,ADCY8,expanded
GOBP_INTRACELLULAR_GLUCOSE_HOMEOSTASIS,ADRA2A,expanded
GOBP_INTRACELLULAR_GLUCOSE_HOMEOSTASIS,AGER,expanded
GOBP_INTRACELLULAR_GLUCOSE_HOMEOSTASIS,ANO1,expanded
GOBP_INTRACELLULAR_GLUCOSE_HOMEOSTASIS,BAD,expanded
GOBP_INTRACELLULAR_GLUCOSE_HOMEOSTASIS,BAIAP3,expanded
GOBP_INTRACELLULAR_GLUCOSE_HOMEOSTASIS,BRSK2,expanded
GOBP_INTRACELLULAR_GLUCOSE_HOMEOSTASIS,C1QTNF12,expanded
GOBP_INTRACELLULAR_GLUCOSE_HOMEOSTASIS,C2CD2L,expanded
GOBP_INTRACELLULAR_GLUCOSE_HOMEOSTASIS,CARTPT,expanded
GOBP_INTRACELLULAR_GLUCOSE_HOMEOSTASIS,CASR,expanded
GOBP_INTRACELLULAR_GLUCOSE_HOMEOSTASIS,CCDC186,expanded
GOBP_INTRACELLULAR_GLUCOSE_HOMEOSTASIS,CDK16,expanded
GOBP_INTRACELLULAR_GLUCOSE_HOMEOSTASIS,CFTR,expanded
GOBP_INTRACELLULAR_GLUCOSE_HOMEOSTASIS,CLTRN,expanded
GOBP_INTRACELLULAR_GLUCOSE_HOMEOSTASIS,CMA1,expanded
GOBP_INTRACELLULAR_GLUCOSE_HOMEOSTASIS,COL1A1,expanded
GOBP_INTRACELLULAR_GLUCOSE_HOMEOSTASIS,CRH,expanded
GOBP_INTRACELLULAR_GLUCOSE_HOMEOSTASIS,CYBA,expanded
GOBP_INTRACELLULAR_GLUCOSE_HOMEOSTASIS,CYP7A1,expanded
GOBP_INTRACELLULAR_GLUCOSE_HOMEOSTASIS,DYNLL1,expanded
GOBP_INTRACELLULAR_GLUCOSE_HOMEOSTASIS,EFNA5,expanded
GOBP_INTRACELLULAR_GLUCOSE_HOMEOSTASIS,ENDOG,expanded
GOBP_INTRACELLULAR_GLUCOSE_HOMEOSTASIS,ENY2,expanded
GOBP_INTRACELLULAR_GLUCOSE_HOMEOSTASIS,EPHA5,expanded
GOBP_INTRACELLULAR_GLUCOSE_HOMEOSTASIS,ERN1,expanded
GOBP_INTRACELLULAR_GLUCOSE_HOMEOSTASIS,FIS1,expanded
GOBP_INTRACELLULAR_GLUCOSE_HOMEOSTASIS,FKBP1B,expanded
GOBP_INTRACELLULAR_GLUCOSE_HOMEOSTASIS,FOXA2,expanded
GOBP_INTRACELLULAR_GLUCOSE_HOMEOSTASIS,FOXA3,expanded
GOBP_INTRACELLULAR_GLUCOSE_HOMEOSTASIS,FOXK1,expanded
GOBP_INTRACELLULAR_GLUCOSE_HOMEOSTASIS,FOXK2,expanded
GOBP_INTRACELLULAR_GLUCOSE_HOMEOSTASIS,FOXO1,expanded
GOBP_INTRACELLULAR_GLUCOSE_HOMEOSTASIS,FOXO3,expanded
GOBP_INTRACELLULAR_GLUCOSE_HOMEOSTASIS,FUT1,expanded
GOBP_INTRACELLULAR_GLUCOSE_HOMEOSTASIS,GAS6,expanded
GOBP_INTRACELLULAR_GLUCOSE_HOMEOSTASIS,GATA4,expanded
GOBP_INTRACELLULAR_GLUCOSE_HOMEOSTASIS,GCG,expanded
GOBP_INTRACELLULAR_GLUCOSE_HOMEOSTASIS,GCK,expanded
GOBP_INTRACELLULAR_GLUCOSE_HOMEOSTASIS,GCKR,expanded
GOBP_INTRACELLULAR_GLUCOSE_HOMEOSTASIS,GCLC,expanded
GOBP_INTRACELLULAR_GLUCOSE_HOMEOSTASIS,GCLM,expanded
GOBP_INTRACELLULAR_GLUCOSE_HOMEOSTASIS,GHRHR,expanded
GOBP_INTRACELLULAR_GLUCOSE_HOMEOSTASIS,GHRL,expanded
GOBP_INTRACELLULAR_GLUCOSE_HOMEOSTASIS,GJB6,expanded
GOBP_INTRACELLULAR_GLUCOSE_HOMEOSTASIS,GPER1,expanded
GOBP_INTRACELLULAR_GLUCOSE_HOMEOSTASIS,GPLD1,expanded
GOBP_INTRACELLULAR_GLUCOSE_HOMEOSTASIS,GPR27,expanded
GOBP_INTRACELLULAR_GLUCOSE_HOMEOSTASIS,GPR68,expanded
GOBP_INTRACELLULAR_GLUCOSE_HOMEOSTASIS,GPRC6A,expanded
GOBP_INTRACELLULAR_GLUCOSE_HOMEOSTASIS,GPX1,expanded
GOBP_INTRACELLULAR_GLUCOSE_HOMEOSTASIS,HIF1A,expanded
GOBP_INTRACELLULAR_GLUCOSE_HOMEOSTASIS,HK1,expanded
GOBP_INTRACELLULAR_GLUCOSE_HOMEOSTASIS,HK2,expanded
GOBP_INTRACELLULAR_GLUCOSE_HOMEOSTASIS,HK3,expanded
GOBP_INTRACELLULAR_GLUCOSE_HOMEOSTASIS,HKDC1,expanded
GOBP_INTRACELLULAR_GLUCOSE_HOMEOSTASIS,HLA-DRB1,expanded
GOBP_INTRACELLULAR_GLUCOSE_HOMEOSTASIS,ICAM1,expanded
GOBP_INTRACELLULAR_GLUCOSE_HOMEOSTASIS,IGF1,expanded
GOBP_INTRACELLULAR_GLUCOSE_HOMEOSTASIS,IGF1R,expanded
GOBP_INTRACELLULAR_GLUCOSE_HOMEOSTASIS,IRS2,expanded
GOBP_INTRACELLULAR_GLUCOSE_HOMEOSTASIS,JAGN1,expanded
GOBP_INTRACELLULAR_GLUCOSE_HOMEOSTASIS,KAT5,expanded
GOBP_INTRACELLULAR_GLUCOSE_HOMEOSTASIS,KCNB1,expanded
GOBP_INTRACELLULAR_GLUCOSE_HOMEOSTASIS,KCNK16,expanded
GOBP_INTRACELLULAR_GLUCOSE_HOMEOSTASIS,KLF15,expanded
GOBP_INTRACELLULAR_GLUCOSE_HOMEOSTASIS,KLF7,expanded
GOBP_INTRACELLULAR_GLUCOSE_HOMEOSTASIS,LIN28A,expanded
GOBP_INTRACELLULAR_GLUCOSE_HOMEOSTASIS,LRP5,expanded
GOBP_INTRACELLULAR_GLUCOSE_HOMEOSTASIS,LRRC8A,expanded
GOBP_INTRACELLULAR_GLUCOSE_HOMEOSTASIS,LRRC8D,expanded
GOBP_INTRACELLULAR_GLUCOSE_HOMEOSTASIS,MIR103A1,expanded
GOBP_INTRACELLULAR_GLUCOSE_HOMEOSTASIS,MIR146A,expanded
GOBP_INTRACELLULAR_GLUCOSE_HOMEOSTASIS,MIR15A,expanded
GOBP_INTRACELLULAR_GLUCOSE_HOMEOSTASIS,MIR16-1,expanded
GOBP_INTRACELLULAR_GLUCOSE_HOMEOSTASIS,MIR320A,expanded
GOBP_INTRACELLULAR_GLUCOSE_HOMEOSTASIS,MIR320B1,expanded
GOBP_INTRACELLULAR_GLUCOSE_HOMEOSTASIS,MIR320B2,expanded
GOBP_INTRACELLULAR_GLUCOSE_HOMEOSTASIS,MIR320C1,expanded
GOBP_INTRACELLULAR_GLUCOSE_HOMEOSTASIS,MIR320C2,expanded
GOBP_INTRACELLULAR_GLUCOSE_HOMEOSTASIS,MIR320D1,expanded
GOBP_INTRACELLULAR_GLUCOSE_HOMEOSTASIS,MIR320D2,expanded
GOBP_INTRACELLULAR_GLUCOSE_HOMEOSTASIS,MIR320E,expanded
GOBP_INTRACELLULAR_GLUCOSE_HOMEOSTASIS,MIR337,expanded
GOBP_INTRACELLULAR_GLUCOSE_HOMEOSTASIS,MIRLET7G,expanded
GOBP_INTRACELLULAR_GLUCOSE_HOMEOSTASIS,MLXIPL,expanded
GOBP_INTRACELLULAR_GLUCOSE_HOMEOSTASIS,MPC2,expanded
GOBP_INTRACELLULAR_GLUCOSE_HOMEOSTASIS,NADK,expanded
GOBP_INTRACELLULAR_GLUCOSE_HOMEOSTASIS,NCF1,expanded
GOBP_INTRACELLULAR_GLUCOSE_HOMEOSTASIS,NDUFAF2,expanded
GOBP_INTRACELLULAR_GLUCOSE_HOMEOSTASIS,NGFR,expanded
GOBP_INTRACELLULAR_GLUCOSE_HOMEOSTASIS,NKX6-1,expanded
GOBP_INTRACELLULAR_GLUCOSE_HOMEOSTASIS,NOX4,expanded
GOBP_INTRACELLULAR_GLUCOSE_HOMEOSTASIS,NPTX1,expanded
GOBP_INTRACELLULAR_GLUCOSE_HOMEOSTASIS,NR1D1,expanded
GOBP_INTRACELLULAR_GLUCOSE_HOMEOSTASIS,NR1H4,expanded
GOBP_INTRACELLULAR_GLUCOSE_HOMEOSTASIS,NUCKS1,expanded
GOBP_INTRACELLULAR_GLUCOSE_HOMEOSTASIS,OGT,expanded
GOBP_INTRACELLULAR_GLUCOSE_HOMEOSTASIS,OPRK1,expanded
GOBP_INTRACELLULAR_GLUCOSE_HOMEOSTASIS,OSBP,expanded
GOBP_INTRACELLULAR_GLUCOSE_HOMEOSTASIS,OXCT1,expanded
GOBP_INTRACELLULAR_GLUCOSE_HOMEOSTASIS,PAX2,expanded
GOBP_INTRACELLULAR_GLUCOSE_HOMEOSTASIS,PCK1,expanded
GOBP_INTRACELLULAR_GLUCOSE_HOMEOSTASIS,PCK2,expanded
GOBP_INTRACELLULAR_GLUCOSE_HOMEOSTASIS,PDE8B,expanded
GOBP_INTRACELLULAR_GLUCOSE_HOMEOSTASIS,PDX1,expanded
GOBP_INTRACELLULAR_GLUCOSE_HOMEOSTASIS,PHPT1,expanded
GOBP_INTRACELLULAR_GLUCOSE_HOMEOSTASIS,PIH1D1,expanded
GOBP_INTRACELLULAR_GLUCOSE_HOMEOSTASIS,PIK3CA,expanded
GOBP_INTRACELLULAR_GLUCOSE_HOMEOSTASIS,PIK3R1,expanded
GOBP_INTRACELLULAR_GLUCOSE_HOMEOSTASIS,PIK3R2,expanded
GOBP_INTRACELLULAR_GLUCOSE_HOMEOSTASIS,PIM3,expanded
GOBP_INTRACELLULAR_GLUCOSE_HOMEOSTASIS,PLA2G6,expanded
GOBP_INTRACELLULAR_GLUCOSE_HOMEOSTASIS,PPARD,expanded
GOBP_INTRACELLULAR_GLUCOSE_HOMEOSTASIS,PPARGC1A,expanded
GOBP_INTRACELLULAR_GLUCOSE_HOMEOSTASIS,PPP3CB,expanded
GOBP_INTRACELLULAR_GLUCOSE_HOMEOSTASIS,PRKAA1,expanded
GOBP_INTRACELLULAR_GLUCOSE_HOMEOSTASIS,PRKAA2,expanded
GOBP_INTRACELLULAR_GLUCOSE_HOMEOSTASIS,PRKACA,expanded
GOBP_INTRACELLULAR_GLUCOSE_HOMEOSTASIS,PRKCE,expanded
GOBP_INTRACELLULAR_GLUCOSE_HOMEOSTASIS,PRKN,expanded
GOBP_INTRACELLULAR_GLUCOSE_HOMEOSTASIS,PTPRN,expanded
GOBP_INTRACELLULAR_GLUCOSE_HOMEOSTASIS,PTPRN2,expanded
GOBP_INTRACELLULAR_GLUCOSE_HOMEOSTASIS,RAB11B,expanded
GOBP_INTRACELLULAR_GLUCOSE_HOMEOSTASIS,RAB11FIP2,expanded
GOBP_INTRACELLULAR_GLUCOSE_HOMEOSTASIS,RAB11FIP5,expanded
GOBP_INTRACELLULAR_GLUCOSE_HOMEOSTASIS,RAC1,expanded
GOBP_INTRACELLULAR_GLUCOSE_HOMEOSTASIS,RACK1,expanded
GOBP_INTRACELLULAR_GLUCOSE_HOMEOSTASIS,RAF1,expanded
GOBP_INTRACELLULAR_GLUCOSE_HOMEOSTASIS,RBM4,expanded
GOBP_INTRACELLULAR_GLUCOSE_HOMEOSTASIS,RFX6,expanded
GOBP_INTRACELLULAR_GLUCOSE_HOMEOSTASIS,RPTOR,expanded
GOBP_INTRACELLULAR_GLUCOSE_HOMEOSTASIS,SELENOT,expanded
GOBP_INTRACELLULAR_GLUCOSE_HOMEOSTASIS,SERPINF1,expanded
GOBP_INTRACELLULAR_GLUCOSE_HOMEOSTASIS,SIDT2,expanded
GOBP_INTRACELLULAR_GLUCOSE_HOMEOSTASIS,SIN3A,expanded
GOBP_INTRACELLULAR_GLUCOSE_HOMEOSTASIS,SIRT1,expanded
GOBP_INTRACELLULAR_GLUCOSE_HOMEOSTASIS,SLC12A6,expanded
GOBP_INTRACELLULAR_GLUCOSE_HOMEOSTASIS,SLC12A7,expanded
GOBP_INTRACELLULAR_GLUCOSE_HOMEOSTASIS,SLC29A1,expanded
GOBP_INTRACELLULAR_GLUCOSE_HOMEOSTASIS,SLC2A2,expanded
GOBP_INTRACELLULAR_GLUCOSE_HOMEOSTASIS,SLC39A14,expanded
GOBP_INTRACELLULAR_GLUCOSE_HOMEOSTASIS,SLC9B2,expanded
GOBP_INTRACELLULAR_GLUCOSE_HOMEOSTASIS,SMAD3,expanded
GOBP_INTRACELLULAR_GLUCOSE_HOMEOSTASIS,SMAD4,expanded
GOBP_INTRACELLULAR_GLUCOSE_HOMEOSTASIS,SMARCA4,expanded
GOBP_INTRACELLULAR_GLUCOSE_HOMEOSTASIS,SMARCB1,expanded
GOBP_INTRACELLULAR_GLUCOSE_HOMEOSTASIS,SOX4,expanded
GOBP_INTRACELLULAR_GLUCOSE_HOMEOSTASIS,SRF,expanded
GOBP_INTRACELLULAR_GLUCOSE_HOMEOSTASIS,SRI,expanded
GOBP_INTRACELLULAR_GLUCOSE_HOMEOSTASIS,STX4,expanded
GOBP_INTRACELLULAR_GLUCOSE_HOMEOSTASIS,STXBP3,expanded
GOBP_INTRACELLULAR_GLUCOSE_HOMEOSTASIS,STXBP4,expanded
GOBP_INTRACELLULAR_GLUCOSE_HOMEOSTASIS,SYBU,expanded
GOBP_INTRACELLULAR_GLUCOSE_HOMEOSTASIS,TGFB1,expanded
GOBP_INTRACELLULAR_GLUCOSE_HOMEOSTASIS,TRA2B,expanded
GOBP_INTRACELLULAR_GLUCOSE_HOMEOSTASIS,TREM2,expanded
GOBP_INTRACELLULAR_GLUCOSE_HOMEOSTASIS,TRPA1,expanded
GOBP_INTRACELLULAR_GLUCOSE_HOMEOSTASIS,TRPM4,expanded
GOBP_INTRACELLULAR_GLUCOSE_HOMEOSTASIS,TRPM5,expanded
GOBP_INTRACELLULAR_GLUCOSE_HOMEOSTASIS,TUNAR,expanded
GOBP_INTRACELLULAR_GLUCOSE_HOMEOSTASIS,UBTF,expanded
GOBP_INTRACELLULAR_GLUCOSE_HOMEOSTASIS,UCP2,expanded
GOBP_INTRACELLULAR_GLUCOSE_HOMEOSTASIS,UNC13B,expanded
GOBP_INTRACELLULAR_GLUCOSE_HOMEOSTASIS,USF1,expanded
GOBP_INTRACELLULAR_GLUCOSE_HOMEOSTASIS,USF2,expanded
GOBP_INTRACELLULAR_GLUCOSE_HOMEOSTASIS,VSNL1,expanded
GOBP_INTRACELLULAR_GLUCOSE_HOMEOSTASIS,XBP1,expanded
GOBP_INTRACELLULAR_GLUCOSE_HOMEOSTASIS,ZBED6,expanded
GOBP_INTRACELLULAR_GLUCOSE_HOMEOSTASIS,ZBTB20,expanded
GOBP_INTRACELLULAR_GLUCOSE_HOMEOSTASIS,ZNF236,expanded
GOBP_REGULATION_OF_INSULIN_RECEPTOR_SIGNALING_PATHWAY,ADIPOR1,expanded
GOBP_REGULATION_OF_INSULIN_RECEPTOR_SIGNALING_PATHWAY,AHSG,expanded
GOBP_REGULATION_OF_INSULIN_RECEPTOR_SIGNALING_PATHWAY,BLVRB,expanded
GOBP_REGULATION_OF_INSULIN_RECEPTOR_SIGNALING_PATHWAY,C1QTNF12,expanded
GOBP_REGULATION_OF_INSULIN_RECEPTOR_SIGNALING_PATHWAY,CTSD,expanded
GOBP_REGULATION_OF_INSULIN_RECEPTOR_SIGNALING_PATHWAY,CUL7,expanded
GOBP_REGULATION_OF_INSULIN_RECEPTOR_SIGNALING_PATHWAY,ENPP1,expanded
GOBP_REGULATION_OF_INSULIN_RECEPTOR_SIGNALING_PATHWAY,ERFE,expanded
GOBP_REGULATION_OF_INSULIN_RECEPTOR_SIGNALING_PATHWAY,FBXW8,expanded
GOBP_REGULATION_OF_INSULIN_RECEPTOR_SIGNALING_PATHWAY,FFAR3,expanded
GOBP_REGULATION_OF_INSULIN_RECEPTOR_SIGNALING_PATHWAY,FUT7,expanded
GOBP_REGULATION_OF_INSULIN_RECEPTOR_SIGNALING_PATHWAY,GKAP1,expanded
GOBP_REGULATION_OF_INSULIN_RECEPTOR_SIGNALING_PATHWAY,GPR21,expanded
GOBP_REGULATION_OF_INSULIN_RECEPTOR_SIGNALING_PATHWAY,GRB10,expanded
GOBP_REGULATION_OF_INSULIN_RECEPTOR_SIGNALING_PATHWAY,GRB14,expanded
GOBP_REGULATION_OF_INSULIN_RECEPTOR_SIGNALING_PATHWAY,GRB7,expanded
GOBP_REGULATION_OF_INSULIN_RECEPTOR_SIGNALING_PATHWAY,GSK3A,expanded
GOBP_REGULATION_OF_INSULIN_RECEPTOR_SIGNALING_PATHWAY,IGF2,expanded
GOBP_REGULATION_OF_INSULIN_RECEPTOR_SIGNALING_PATHWAY,IL1B,expanded
GOBP_REGULATION_OF_INSULIN_RECEPTOR_SIGNALING_PATHWAY,INPP5K,expanded
GOBP_REGULATION_OF_INSULIN_RECEPTOR_SIGNALING_PATHWAY,INS,expanded
GOBP_REGULATION_OF_INSULIN_RECEPTOR_SIGNALING_PATHWAY,IRS1,expanded
GOBP_REGULATION_OF_INSULIN_RECEPTOR_SIGNALING_PATHWAY,KANK1,expanded
GOBP_REGULATION_OF_INSULIN_RECEPTOR_SIGNALING_PATHWAY,LEP,expanded
GOBP_REGULATION_OF_INSULIN_RECEPTOR_SIGNALING_PATHWAY,LONP1,expanded
GOBP_REGULATION_OF_INSULIN_RECEPTOR_SIGNALING_PATHWAY,MAPKAP1,expanded
GOBP_REGULATION_OF_INSULIN_RECEPTOR_SIGNALING_PATHWAY,MIR103A1,expanded
GOBP_REGULATION_OF_INSULIN_RECEPTOR_SIGNALING_PATHWAY,MIR107,expanded
GOBP_REGULATION_OF_INSULIN_RECEPTOR_SIGNALING_PATHWAY,MIR1271,expanded
GOBP_REGULATION_OF_INSULIN_RECEPTOR_SIGNALING_PATHWAY,MIR15B,expanded
GOBP_REGULATION_OF_INSULIN_RECEPTOR_SIGNALING_PATHWAY,MIR195,expanded
GOBP_REGULATION_OF_INSULIN_RECEPTOR_SIGNALING_PATHWAY,MSTN,expanded
GOBP_REGULATION_OF_INSULIN_RECEPTOR_SIGNALING_PATHWAY,MTOR,expanded
GOBP_REGULATION_OF_INSULIN_RECEPTOR_SIGNALING_PATHWAY,MZB1,expanded
GOBP_REGULATION_OF_INSULIN_RECEPTOR_SIGNALING_PATHWAY,NCK1,expanded
GOBP_REGULATION_OF_INSULIN_RECEPTOR_SIGNALING_PATHWAY,NCL,expanded
GOBP_REGULATION_OF_INSULIN_RECEPTOR_SIGNALING_PATHWAY,NCOA5,expanded
GOBP_REGULATION_OF_INSULIN_RECEPTOR_SIGNALING_PATHWAY,NR1H4,expanded
GOBP_REGULATION_OF_INSULIN_RECEPTOR_SIGNALING_PATHWAY,NUCKS1,expanded
GOBP_REGULATION_OF_INSULIN_RECEPTOR_SIGNALING_PATHWAY,OGT,expanded
GOBP_REGULATION_OF_INSULIN_RECEPTOR_SIGNALING_PATHWAY,OSBPL8,expanded
GOBP_REGULATION_OF_INSULIN_RECEPTOR_SIGNALING_PATHWAY,PAK1,expanded
GOBP_REGULATION_OF_INSULIN_RECEPTOR_SIGNALING_PATHWAY,PID1,expanded
GOBP_REGULATION_OF_INSULIN_RECEPTOR_SIGNALING_PATHWAY,PIP4K2A,expanded
GOBP_REGULATION_OF_INSULIN_RECEPTOR_SIGNALING_PATHWAY,PIP4K2B,expanded
GOBP_REGULATION_OF_INSULIN_RECEPTOR_SIGNALING_PATHWAY,PIP4K2C,expanded
GOBP_REGULATION_OF_INSULIN_RECEPTOR_SIGNALING_PATHWAY,PRKAA1,expanded
GOBP_REGULATION_OF_INSULIN_RECEPTOR_SIGNALING_PATHWAY,PRKCB,expanded
GOBP_REGULATION_OF_INSULIN_RECEPTOR_SIGNALING_PATHWAY,PRKCD,expanded
GOBP_REGULATION_OF_INSULIN_RECEPTOR_SIGNALING_PATHWAY,PRKCQ,expanded
GOBP_REGULATION_OF_INSULIN_RECEPTOR_SIGNALING_PATHWAY,PRKCZ,expanded
GOBP_REGULATION_OF_INSULIN_RECEPTOR_SIGNALING_PATHWAY,PTPN1,expanded
GOBP_REGULATION_OF_INSULIN_RECEPTOR_SIGNALING_PATHWAY,PTPN11,expanded
GOBP_REGULATION_OF_INSULIN_RECEPTOR_SIGNALING_PATHWAY,PTPN2,expanded
GOBP_REGULATION_OF_INSULIN_RECEPTOR_SIGNALING_PATHWAY,PTPRE,expanded
GOBP_REGULATION_OF_INSULIN_RECEPTOR_SIGNALING_PATHWAY,PTPRJ,expanded
GOBP_REGULATION_OF_INSULIN_RECEPTOR_SIGNALING_PATHWAY,RBM4,expanded
GOBP_REGULATION_OF_INSULIN_RECEPTOR_SIGNALING_PATHWAY,RBX1,expanded
GOBP_REGULATION_OF_INSULIN_RECEPTOR_SIGNALING_PATHWAY,RELA,expanded
GOBP_REGULATION_OF_INSULIN_RECEPTOR_SIGNALING_PATHWAY,RPS6KB1,expanded
GOBP_REGULATION_OF_INSULIN_RECEPTOR_SIGNALING_PATHWAY,RPS6KB2,expanded
GOBP_REGULATION_OF_INSULIN_RECEPTOR_SIGNALING_PATHWAY,SERPINA12,expanded
GOBP_REGULATION_OF_INSULIN_RECEPTOR_SIGNALING_PATHWAY,SESN3,expanded
GOBP_REGULATION_OF_INSULIN_RECEPTOR_SIGNALING_PATHWAY,SIK2,expanded
GOBP_REGULATION_OF_INSULIN_RECEPTOR_SIGNALING_PATHWAY,SIRT1,expanded
GOBP_REGULATION_OF_INSULIN_RECEPTOR_SIGNALING_PATHWAY,SLC27A4,expanded
GOBP_REGULATION_OF_INSULIN_RECEPTOR_SIGNALING_PATHWAY,SNX5,expanded
GOBP_REGULATION_OF_INSULIN_RECEPTOR_SIGNALING_PATHWAY,SOCS1,expanded
GOBP_REGULATION_OF_INSULIN_RECEPTOR_SIGNALING_PATHWAY,SOCS3,expanded
GOBP_REGULATION_OF_INSULIN_RECEPTOR_SIGNALING_PATHWAY,SORBS1,expanded
GOBP_REGULATION_OF_INSULIN_RECEPTOR_SIGNALING_PATHWAY,SORL1,expanded
GOBP_REGULATION_OF_INSULIN_RECEPTOR_SIGNALING_PATHWAY,TNS2,expanded
GOBP_REGULATION_OF_INSULIN_RECEPTOR_SIGNALING_PATHWAY,TRIB3,expanded
GOBP_REGULATION_OF_INSULIN_RECEPTOR_SIGNALING_PATHWAY,TRIM72,expanded
GOBP_REGULATION_OF_INSULIN_RECEPTOR_SIGNALING_PATHWAY,TSC2,expanded
GOBP_REGULATION_OF_INSULIN_RECEPTOR_SIGNALING_PATHWAY,VWA2,expanded
GOBP_REGULATION_OF_INSULIN_RECEPTOR_SIGNALING_PATHWAY,ZBTB7B,expanded
GOBP_REGULATION_OF_INSULIN_RECEPTOR_SIGNALING_PATHWAY,ZNF592,expanded
KEGG_MEDICUS_REFERENCE_AUTOPHAGY_VESICLE_NUCLEATION_ELONGATION_MATURATION_MTORC1_PI3KC3_C1,AKT1S1,expanded
KEGG_MEDICUS_REFERENCE_AUTOPHAGY_VESICLE_NUCLEATION_ELONGATION_MATURATION_MTORC1_PI3KC3_C1,ATG101,expanded
KEGG_MEDICUS_REFERENCE_AUTOPHAGY_VESICLE_NUCLEATION_ELONGATION_MATURATION_MTORC1_PI3KC3_C1,ATG13,expanded
KEGG_MEDICUS_REFERENCE_AUTOPHAGY_VESICLE_NUCLEATION_ELONGATION_MATURATION_MTORC1_PI3KC3_C1,ATG14,expanded
KEGG_MEDICUS_REFERENCE_AUTOPHAGY_VESICLE_NUCLEATION_ELONGATION_MATURATION_MTORC1_PI3KC3_C1,BECN1,expanded
KEGG_MEDICUS_REFERENCE_AUTOPHAGY_VESICLE_NUCLEATION_ELONGATION_MATURATION_MTORC1_PI3KC3_C1,DEPTOR,expanded
KEGG_MEDICUS_REFERENCE_AUTOPHAGY_VESICLE_NUCLEATION_ELONGATION_MATURATION_MTORC1_PI3KC3_C1,MLST8,expanded
KEGG_MEDICUS_REFERENCE_AUTOPHAGY_VESICLE_NUCLEATION_ELONGATION_MATURATION_MTORC1_PI3KC3_C1,MTOR,expanded
KEGG_MEDICUS_REFERENCE_AUTOPHAGY_VESICLE_NUCLEATION_ELONGATION_MATURATION_MTORC1_PI3KC3_C1,NRBF2,expanded
KEGG_MEDICUS_REFERENCE_AUTOPHAGY_VESICLE_NUCLEATION_ELONGATION_MATURATION_MTORC1_PI3KC3_C1,PIK3C3,expanded
KEGG_MEDICUS_REFERENCE_AUTOPHAGY_VESICLE_NUCLEATION_ELONGATION_MATURATION_MTORC1_PI3KC3_C1,PIK3R4,expanded
KEGG_MEDICUS_REFERENCE_AUTOPHAGY_VESICLE_NUCLEATION_ELONGATION_MATURATION_MTORC1_PI3KC3_C1,RB1CC1,expanded
KEGG_MEDICUS_REFERENCE_AUTOPHAGY_VESICLE_NUCLEATION_ELONGATION_MATURATION_MTORC1_PI3KC3_C1,RPTOR,expanded
KEGG_MEDICUS_REFERENCE_AUTOPHAGY_VESICLE_NUCLEATION_ELONGATION_MATURATION_MTORC1_PI3KC3_C1,TELO2,expanded
KEGG_MEDICUS_REFERENCE_AUTOPHAGY_VESICLE_NUCLEATION_ELONGATION_MATURATION_MTORC1_PI3KC3_C1,TTI1,expanded
KEGG_MEDICUS_REFERENCE_AUTOPHAGY_VESICLE_NUCLEATION_ELONGATION_MATURATION_MTORC1_PI3KC3_C1,ULK1,expanded
KEGG_MEDICUS_REFERENCE_FLCN_MTORC1_SIGNALING_PATHWAY,AKT1S1,expanded
KEGG_MEDICUS_REFERENCE_FLCN_MTORC1_SIGNALING_PATHWAY,DEPTOR,expanded
KEGG_MEDICUS_REFERENCE_FLCN_MTORC1_SIGNALING_PATHWAY,FLCN,expanded
KEGG_MEDICUS_REFERENCE_FLCN_MTORC1_SIGNALING_PATHWAY,MLST8,expanded
KEGG_MEDICUS_REFERENCE_FLCN_MTORC1_SIGNALING_PATHWAY,MTOR,expanded
KEGG_MEDICUS_REFERENCE_FLCN_MTORC1_SIGNALING_PATHWAY,RPTOR,expanded
KEGG_MEDICUS_REFERENCE_FLCN_MTORC1_SIGNALING_PATHWAY,RRAGA,expanded
KEGG_MEDICUS_REFERENCE_FLCN_MTORC1_SIGNALING_PATHWAY,RRAGB,expanded
KEGG_MEDICUS_REFERENCE_FLCN_MTORC1_SIGNALING_PATHWAY,RRAGC,expanded
KEGG_MEDICUS_REFERENCE_FLCN_MTORC1_SIGNALING_PATHWAY,RRAGD,expanded
KEGG_MEDICUS_REFERENCE_FLCN_MTORC1_SIGNALING_PATHWAY,SLC3A2,expanded
KEGG_MEDICUS_REFERENCE_FLCN_MTORC1_SIGNALING_PATHWAY,SLC7A5,expanded
KEGG_MEDICUS_REFERENCE_FLCN_MTORC1_SIGNALING_PATHWAY,TELO2,expanded
KEGG_MEDICUS_REFERENCE_FLCN_MTORC1_SIGNALING_PATHWAY,TTI1,expanded
KEGG_MEDICUS_REFERENCE_GATOR1_MTORC1_SIGNALING_PATHWAY,AKT1S1,expanded
KEGG_MEDICUS_REFERENCE_GATOR1_MTORC1_SIGNALING_PATHWAY,DEPDC5,expanded
KEGG_MEDICUS_REFERENCE_GATOR1_MTORC1_SIGNALING_PATHWAY,DEPTOR,expanded
KEGG_MEDICUS_REFERENCE_GATOR1_MTORC1_SIGNALING_PATHWAY,MLST8,expanded
KEGG_MEDICUS_REFERENCE_GATOR1_MTORC1_SIGNALING_PATHWAY,MTOR,expanded
KEGG_MEDICUS_REFERENCE_GATOR1_MTORC1_SIGNALING_PATHWAY,NPRL2,expanded
KEGG_MEDICUS_REFERENCE_GATOR1_MTORC1_SIGNALING_PATHWAY,NPRL3,expanded
KEGG_MEDICUS_REFERENCE_GATOR1_MTORC1_SIGNALING_PATHWAY,RPTOR,expanded
KEGG_MEDICUS_REFERENCE_GATOR1_MTORC1_SIGNALING_PATHWAY,RRAGA,expanded
KEGG_MEDICUS_REFERENCE_GATOR1_MTORC1_SIGNALING_PATHWAY,RRAGB,expanded
KEGG_MEDICUS_REFERENCE_GATOR1_MTORC1_SIGNALING_PATHWAY,RRAGC,expanded
KEGG_MEDICUS_REFERENCE_GATOR1_MTORC1_SIGNALING_PATHWAY,RRAGD,expanded
KEGG_MEDICUS_REFERENCE_GATOR1_MTORC1_SIGNALING_PATHWAY,TELO2,expanded
KEGG_MEDICUS_REFERENCE_GATOR1_MTORC1_SIGNALING_PATHWAY,TTI1,expanded
KEGG_MEDICUS_REFERENCE_TSC1_2_MTORC1_SIGNALING_PATHWAY,AKT1S1,expanded
KEGG_MEDICUS_REFERENCE_TSC1_2_MTORC1_SIGNALING_PATHWAY,DEPTOR,expanded
KEGG_MEDICUS_REFERENCE_TSC1_2_MTORC1_SIGNALING_PATHWAY,MLST8,expanded
KEGG_MEDICUS_REFERENCE_TSC1_2_MTORC1_SIGNALING_PATHWAY,MTOR,expanded
KEGG_MEDICUS_REFERENCE_TSC1_2_MTORC1_SIGNALING_PATHWAY,RHEB,expanded
KEGG_MEDICUS_REFERENCE_TSC1_2_MTORC1_SIGNALING_PATHWAY,RPTOR,expanded
KEGG_MEDICUS_REFERENCE_TSC1_2_MTORC1_SIGNALING_PATHWAY,TBC1D7,expanded
KEGG_MEDICUS_REFERENCE_TSC1_2_MTORC1_SIGNALING_PATHWAY,TELO2,expanded
KEGG_MEDICUS_REFERENCE_TSC1_2_MTORC1_SIGNALING_PATHWAY,TSC1,expanded
KEGG_MEDICUS_REFERENCE_TSC1_2_MTORC1_SIGNALING_PATHWAY,TSC2,expanded
KEGG_MEDICUS_REFERENCE_TSC1_2_MTORC1_SIGNALING_PATHWAY,TTI1,expanded
REACTOME_AMINO_ACIDS_REGULATE_MTORC1,ATP6V0B,expanded
REACTOME_AMINO_ACIDS_REGULATE_MTORC1,ATP6V0C,expanded
REACTOME_AMINO_ACIDS_REGULATE_MTORC1,ATP6V0D1,expanded
REACTOME_AMINO_ACIDS_REGULATE_MTORC1,ATP6V0D2,expanded
REACTOME_AMINO_ACIDS_REGULATE_MTORC1,ATP6V0E1,expanded
REACTOME_AMINO_ACIDS_REGULATE_MTORC1,ATP6V0E2,expanded
REACTOME_AMINO_ACIDS_REGULATE_MTORC1,ATP6V1A,expanded
REACTOME_AMINO_ACIDS_REGULATE_MTORC1,ATP6V1B1,expanded
REACTOME_AMINO_ACIDS_REGULATE_MTORC1,ATP6V1B2,expanded
REACTOME_AMINO_ACIDS_REGULATE_MTORC1,ATP6V1C1,expanded
REACTOME_AMINO_ACIDS_REGULATE_MTORC1,ATP6V1C2,expanded
REACTOME_AMINO_ACIDS_REGULATE_MTORC1,ATP6V1D,expanded
REACTOME_AMINO_ACIDS_REGULATE_MTORC1,ATP6V1E1,expanded
REACTOME_AMINO_ACIDS_REGULATE_MTORC1,ATP6V1E2,expanded
REACTOME_AMINO_ACIDS_REGULATE_MTORC1,ATP6V1F,expanded
REACTOME_AMINO_ACIDS_REGULATE_MTORC1,ATP6V1G1,expanded
REACTOME_AMINO_ACIDS_REGULATE_MTORC1,ATP6V1G2,expanded
REACTOME_AMINO_ACIDS_REGULATE_MTORC1,ATP6V1G3,expanded
REACTOME_AMINO_ACIDS_REGULATE_MTORC1,ATP6V1H,expanded
REACTOME_AMINO_ACIDS_REGULATE_MTORC1,CASTOR1,expanded
REACTOME_AMINO_ACIDS_REGULATE_MTORC1,CASTOR2,expanded
REACTOME_AMINO_ACIDS_REGULATE_MTORC1,DEPDC5,expanded
REACTOME_AMINO_ACIDS_REGULATE_MTORC1,FLCN,expanded
REACTOME_AMINO_ACIDS_REGULATE_MTORC1,FNIP1,expanded
REACTOME_AMINO_ACIDS_REGULATE_MTORC1,FNIP2,expanded
REACTOME_AMINO_ACIDS_REGULATE_MTORC1,ITFG2,expanded
REACTOME_AMINO_ACIDS_REGULATE_MTORC1,KICS2,expanded
REACTOME_AMINO_ACIDS_REGULATE_MTORC1,KPTN,expanded
REACTOME_AMINO_ACIDS_REGULATE_MTORC1,LAMTOR1,expanded
REACTOME_AMINO_ACIDS_REGULATE_MTORC1,LAMTOR2,expanded
REACTOME_AMINO_ACIDS_REGULATE_MTORC1,LAMTOR3,expanded
REACTOME_AMINO_ACIDS_REGULATE_MTORC1,LAMTOR4,expanded
REACTOME_AMINO_ACIDS_REGULATE_MTORC1,LAMTOR5,expanded
REACTOME_AMINO_ACIDS_REGULATE_MTORC1,MIOS,expanded
REACTOME_AMINO_ACIDS_REGULATE_MTORC1,MLST8,expanded
REACTOME_AMINO_ACIDS_REGULATE_MTORC1,MTOR,expanded
REACTOME_AMINO_ACIDS_REGULATE_MTORC1,NPRL2,expanded
REACTOME_AMINO_ACIDS_REGULATE_MTORC1,NPRL3,expanded
REACTOME_AMINO_ACIDS_REGULATE_MTORC1,RHEB,expanded
REACTOME_AMINO_ACIDS_REGULATE_MTORC1,RPTOR,expanded
REACTOME_AMINO_ACIDS_REGULATE_MTORC1,RRAGA,expanded
REACTOME_AMINO_ACIDS_REGULATE_MTORC1,RRAGB,expanded
REACTOME_AMINO_ACIDS_REGULATE_MTORC1,RRAGC,expanded
REACTOME_AMINO_ACIDS_REGULATE_MTORC1,RRAGD,expanded
REACTOME_AMINO_ACIDS_REGULATE_MTORC1,SAMTOR,expanded
REACTOME_AMINO_ACIDS_REGULATE_MTORC1,SEC13,expanded
REACTOME_AMINO_ACIDS_REGULATE_MTORC1,SEH1L,expanded
REACTOME_AMINO_ACIDS_REGULATE_MTORC1,SESN1,expanded
REACTOME_AMINO_ACIDS_REGULATE_MTORC1,SESN2,expanded
REACTOME_AMINO_ACIDS_REGULATE_MTORC1,SH3BP4,expanded
REACTOME_AMINO_ACIDS_REGULATE_MTORC1,SLC38A9,expanded
REACTOME_AMINO_ACIDS_REGULATE_MTORC1,SZT2,expanded
REACTOME_AMINO_ACIDS_REGULATE_MTORC1,TCIRG1,expanded
REACTOME_AMINO_ACIDS_REGULATE_MTORC1,WDR24,expanded
REACTOME_AMINO_ACIDS_REGULATE_MTORC1,WDR59,expanded
REACTOME_FOXO_MEDIATED_TRANSCRIPTION_OF_CELL_CYCLE_GENES,BTG1,expanded
REACTOME_FOXO_MEDIATED_TRANSCRIPTION_OF_CELL_CYCLE_GENES,CAV1,expanded
REACTOME_FOXO_MEDIATED_TRANSCRIPTION_OF_CELL_CYCLE_GENES,CCNG2,expanded
REACTOME_FOXO_MEDIATED_TRANSCRIPTION_OF_CELL_CYCLE_GENES,CDKN1A,expanded
REACTOME_FOXO_MEDIATED_TRANSCRIPTION_OF_CELL_CYCLE_GENES,CDKN1B,expanded
REACTOME_FOXO_MEDIATED_TRANSCRIPTION_OF_CELL_CYCLE_GENES,FOXG1,expanded
REACTOME_FOXO_MEDIATED_TRANSCRIPTION_OF_CELL_CYCLE_GENES,FOXO1,expanded
REACTOME_FOXO_MEDIATED_TRANSCRIPTION_OF_CELL_CYCLE_GENES,FOXO3,expanded
REACTOME_FOXO_MEDIATED_TRANSCRIPTION_OF_CELL_CYCLE_GENES,FOXO4,expanded
REACTOME_FOXO_MEDIATED_TRANSCRIPTION_OF_CELL_CYCLE_GENES,GADD45A,expanded
REACTOME_FOXO_MEDIATED_TRANSCRIPTION_OF_CELL_CYCLE_GENES,KLF4,expanded
REACTOME_FOXO_MEDIATED_TRANSCRIPTION_OF_CELL_CYCLE_GENES,MSTN,expanded
REACTOME_FOXO_MEDIATED_TRANSCRIPTION_OF_CELL_CYCLE_GENES,PCBP4,expanded
REACTOME_FOXO_MEDIATED_TRANSCRIPTION_OF_CELL_CYCLE_GENES,RBL2,expanded
REACTOME_FOXO_MEDIATED_TRANSCRIPTION_OF_CELL_CYCLE_GENES,SMAD2,expanded
REACTOME_FOXO_MEDIATED_TRANSCRIPTION_OF_CELL_CYCLE_GENES,SMAD3,expanded
REACTOME_FOXO_MEDIATED_TRANSCRIPTION_OF_CELL_CYCLE_GENES,SMAD4,expanded
REACTOME_FOXO_MEDIATED_TRANSCRIPTION_OF_CELL_DEATH_GENES,BBC3,expanded
REACTOME_FOXO_MEDIATED_TRANSCRIPTION_OF_CELL_DEATH_GENES,BCL2L11,expanded
REACTOME_FOXO_MEDIATED_TRANSCRIPTION_OF_CELL_DEATH_GENES,BCL6,expanded
REACTOME_FOXO_MEDIATED_TRANSCRIPTION_OF_CELL_DEATH_GENES,CITED2,expanded
REACTOME_FOXO_MEDIATED_TRANSCRIPTION_OF_CELL_DEATH_GENES,CREBBP,expanded
REACTOME_FOXO_MEDIATED_TRANSCRIPTION_OF_CELL_DEATH_GENES,DDIT3,expanded
REACTOME_FOXO_MEDIATED_TRANSCRIPTION_OF_CELL_DEATH_GENES,EP300,expanded
REACTOME_FOXO_MEDIATED_TRANSCRIPTION_OF_CELL_DEATH_GENES,FASLG,expanded
REACTOME_FOXO_MEDIATED_TRANSCRIPTION_OF_CELL_DEATH_GENES,FOXO1,expanded
REACTOME_FOXO_MEDIATED_TRANSCRIPTION_OF_CELL_DEATH_GENES,FOXO3,expanded
REACTOME_FOXO_MEDIATED_TRANSCRIPTION_OF_CELL_DEATH_GENES,FOXO4,expanded
REACTOME_FOXO_MEDIATED_TRANSCRIPTION_OF_CELL_DEATH_GENES,NFYA,expanded
REACTOME_FOXO_MEDIATED_TRANSCRIPTION_OF_CELL_DEATH_GENES,NFYB,expanded
REACTOME_FOXO_MEDIATED_TRANSCRIPTION_OF_CELL_DEATH_GENES,NFYC,expanded
REACTOME_FOXO_MEDIATED_TRANSCRIPTION_OF_CELL_DEATH_GENES,PINK1,expanded
REACTOME_FOXO_MEDIATED_TRANSCRIPTION_OF_CELL_DEATH_GENES,STK11,expanded
REACTOME_FOXO_MEDIATED_TRANSCRIPTION_OF_OXIDATIVE_STRESS_METABOLIC_AND_NEURONAL_GENES,ABCA6,expanded
REACTOME_FOXO_MEDIATED_TRANSCRIPTION_OF_OXIDATIVE_STRESS_METABOLIC_AND_NEURONAL_GENES,AGRP,expanded
REACTOME_FOXO_MEDIATED_TRANSCRIPTION_OF_OXIDATIVE_STRESS_METABOLIC_AND_NEURONAL_GENES,ATXN3,expanded
REACTOME_FOXO_MEDIATED_TRANSCRIPTION_OF_OXIDATIVE_STRESS_METABOLIC_AND_NEURONAL_GENES,CAT,expanded
REACTOME_FOXO_MEDIATED_TRANSCRIPTION_OF_OXIDATIVE_STRESS_METABOLIC_AND_NEURONAL_GENES,FBXO32,expanded
REACTOME_FOXO_MEDIATED_TRANSCRIPTION_OF_OXIDATIVE_STRESS_METABOLIC_AND_NEURONAL_GENES,FOXO1,expanded
REACTOME_FOXO_MEDIATED_TRANSCRIPTION_OF_OXIDATIVE_STRESS_METABOLIC_AND_NEURONAL_GENES,FOXO3,expanded
REACTOME_FOXO_MEDIATED_TRANSCRIPTION_OF_OXIDATIVE_STRESS_METABOLIC_AND_NEURONAL_GENES,FOXO4,expanded
REACTOME_FOXO_MEDIATED_TRANSCRIPTION_OF_OXIDATIVE_STRESS_METABOLIC_AND_NEURONAL_GENES,FOXO6,expanded
REACTOME_FOXO_MEDIATED_TRANSCRIPTION_OF_OXIDATIVE_STRESS_METABOLIC_AND_NEURONAL_GENES,G6PC1,expanded
REACTOME_FOXO_MEDIATED_TRANSCRIPTION_OF_OXIDATIVE_STRESS_METABOLIC_AND_NEURONAL_GENES,GCK,expanded
REACTOME_FOXO_MEDIATED_TRANSCRIPTION_OF_OXIDATIVE_STRESS_METABOLIC_AND_NEURONAL_GENES,HDAC1,expanded
REACTOME_FOXO_MEDIATED_TRANSCRIPTION_OF_OXIDATIVE_STRESS_METABOLIC_AND_NEURONAL_GENES,HDAC2,expanded
REACTOME_FOXO_MEDIATED_TRANSCRIPTION_OF_OXIDATIVE_STRESS_METABOLIC_AND_NEURONAL_GENES,IGFBP1,expanded
REACTOME_FOXO_MEDIATED_TRANSCRIPTION_OF_OXIDATIVE_STRESS_METABOLIC_AND_NEURONAL_GENES,INS,expanded
REACTOME_FOXO_MEDIATED_TRANSCRIPTION_OF_OXIDATIVE_STRESS_METABOLIC_AND_NEURONAL_GENES,NPY,expanded
REACTOME_FOXO_MEDIATED_TRANSCRIPTION_OF_OXIDATIVE_STRESS_METABOLIC_AND_NEURONAL_GENES,NR3C1,expanded
REACTOME_FOXO_MEDIATED_TRANSCRIPTION_OF_OXIDATIVE_STRESS_METABOLIC_AND_NEURONAL_GENES,PCK1,expanded
REACTOME_FOXO_MEDIATED_TRANSCRIPTION_OF_OXIDATIVE_STRESS_METABOLIC_AND_NEURONAL_GENES,PLXNA4,expanded
REACTOME_FOXO_MEDIATED_TRANSCRIPTION_OF_OXIDATIVE_STRESS_METABOLIC_AND_NEURONAL_GENES,POMC,expanded
REACTOME_FOXO_MEDIATED_TRANSCRIPTION_OF_OXIDATIVE_STRESS_METABOLIC_AND_NEURONAL_GENES,PPARGC1A,expanded
REACTOME_FOXO_MEDIATED_TRANSCRIPTION_OF_OXIDATIVE_STRESS_METABOLIC_AND_NEURONAL_GENES,RETN,expanded
REACTOME_FOXO_MEDIATED_TRANSCRIPTION_OF_OXIDATIVE_STRESS_METABOLIC_AND_NEURONAL_GENES,SIN3A,expanded
REACTOME_FOXO_MEDIATED_TRANSCRIPTION_OF_OXIDATIVE_STRESS_METABOLIC_AND_NEURONAL_GENES,SIRT3,expanded
REACTOME_FOXO_MEDIATED_TRANSCRIPTION_OF_OXIDATIVE_STRESS_METABOLIC_AND_NEURONAL_GENES,SMAD2,expanded
REACTOME_FOXO_MEDIATED_TRANSCRIPTION_OF_OXIDATIVE_STRESS_METABOLIC_AND_NEURONAL_GENES,SMAD3,expanded
REACTOME_FOXO_MEDIATED_TRANSCRIPTION_OF_OXIDATIVE_STRESS_METABOLIC_AND_NEURONAL_GENES,SMAD4,expanded
REACTOME_FOXO_MEDIATED_TRANSCRIPTION_OF_OXIDATIVE_STRESS_METABOLIC_AND_NEURONAL_GENES,SOD2,expanded
REACTOME_FOXO_MEDIATED_TRANSCRIPTION_OF_OXIDATIVE_STRESS_METABOLIC_AND_NEURONAL_GENES,SREBF1,expanded
REACTOME_FOXO_MEDIATED_TRANSCRIPTION_OF_OXIDATIVE_STRESS_METABOLIC_AND_NEURONAL_GENES,TRIM63,expanded
REACTOME_INSULIN_RECEPTOR_RECYCLING,ATP6AP1,expanded
REACTOME_INSULIN_RECEPTOR_RECYCLING,ATP6V0A1,expanded
REACTOME_INSULIN_RECEPTOR_RECYCLING,ATP6V0A2,expanded
REACTOME_INSULIN_RECEPTOR_RECYCLING,ATP6V0A4,expanded
REACTOME_INSULIN_RECEPTOR_RECYCLING,ATP6V0B,expanded
REACTOME_INSULIN_RECEPTOR_RECYCLING,ATP6V0C,expanded
REACTOME_INSULIN_RECEPTOR_RECYCLING,ATP6V0D1,expanded
REACTOME_INSULIN_RECEPTOR_RECYCLING,ATP6V0D2,expanded
REACTOME_INSULIN_RECEPTOR_RECYCLING,ATP6V0E1,expanded
REACTOME_INSULIN_RECEPTOR_RECYCLING,ATP6V0E2,expanded
REACTOME_INSULIN_RECEPTOR_RECYCLING,ATP6V1A,expanded
REACTOME_INSULIN_RECEPTOR_RECYCLING,ATP6V1B1,expanded
REACTOME_INSULIN_RECEPTOR_RECYCLING,ATP6V1B2,expanded
REACTOME_INSULIN_RECEPTOR_RECYCLING,ATP6V1C1,expanded
REACTOME_INSULIN_RECEPTOR_RECYCLING,ATP6V1C2,expanded
REACTOME_INSULIN_RECEPTOR_RECYCLING,ATP6V1D,expanded
REACTOME_INSULIN_RECEPTOR_RECYCLING,ATP6V1E1,expanded
REACTOME_INSULIN_RECEPTOR_RECYCLING,ATP6V1E2,expanded
REACTOME_INSULIN_RECEPTOR_RECYCLING,ATP6V1F,expanded
REACTOME_INSULIN_RECEPTOR_RECYCLING,ATP6V1G1,expanded
REACTOME_INSULIN_RECEPTOR_RECYCLING,ATP6V1G2,expanded
REACTOME_INSULIN_RECEPTOR_RECYCLING,ATP6V1G3,expanded
REACTOME_INSULIN_RECEPTOR_RECYCLING,ATP6V1H,expanded
REACTOME_INSULIN_RECEPTOR_RECYCLING,CTSD,expanded
REACTOME_INSULIN_RECEPTOR_RECYCLING,IDE,expanded
REACTOME_INSULIN_RECEPTOR_RECYCLING,INS,expanded
REACTOME_INSULIN_RECEPTOR_RECYCLING,INSR,expanded
REACTOME_INSULIN_RECEPTOR_RECYCLING,PTPN1,expanded
REACTOME_INSULIN_RECEPTOR_RECYCLING,PTPRF,expanded
REACTOME_INSULIN_RECEPTOR_RECYCLING,TCIRG1,expanded
REACTOME_SIGNALING_BY_INSULIN_RECEPTOR,AKT2,expanded
REACTOME_SIGNALING_BY_INSULIN_RECEPTOR,ATP6AP1,expanded
REACTOME_SIGNALING_BY_INSULIN_RECEPTOR,ATP6V0A1,expanded
REACTOME_SIGNALING_BY_INSULIN_RECEPTOR,ATP6V0A2,expanded
REACTOME_SIGNALING_BY_INSULIN_RECEPTOR,ATP6V0A4,expanded
REACTOME_SIGNALING_BY_INSULIN_RECEPTOR,ATP6V0B,expanded
REACTOME_SIGNALING_BY_INSULIN_RECEPTOR,ATP6V0C,expanded
REACTOME_SIGNALING_BY_INSULIN_RECEPTOR,ATP6V0D1,expanded
REACTOME_SIGNALING_BY_INSULIN_RECEPTOR,ATP6V0D2,expanded
REACTOME_SIGNALING_BY_INSULIN_RECEPTOR,ATP6V0E1,expanded
REACTOME_SIGNALING_BY_INSULIN_RECEPTOR,ATP6V0E2,expanded
REACTOME_SIGNALING_BY_INSULIN_RECEPTOR,ATP6V1A,expanded
REACTOME_SIGNALING_BY_INSULIN_RECEPTOR,ATP6V1B1,expanded
REACTOME_SIGNALING_BY_INSULIN_RECEPTOR,ATP6V1B2,expanded
REACTOME_SIGNALING_BY_INSULIN_RECEPTOR,ATP6V1C1,expanded
REACTOME_SIGNALING_BY_INSULIN_RECEPTOR,ATP6V1C2,expanded
REACTOME_SIGNALING_BY_INSULIN_RECEPTOR,ATP6V1D,expanded
REACTOME_SIGNALING_BY_INSULIN_RECEPTOR,ATP6V1E1,expanded
REACTOME_SIGNALING_BY_INSULIN_RECEPTOR,ATP6V1E2,expanded
REACTOME_SIGNALING_BY_INSULIN_RECEPTOR,ATP6V1F,expanded
REACTOME_SIGNALING_BY_INSULIN_RECEPTOR,ATP6V1G1,expanded
REACTOME_SIGNALING_BY_INSULIN_RECEPTOR,ATP6V1G2,expanded
REACTOME_SIGNALING_BY_INSULIN_RECEPTOR,ATP6V1G3,expanded
REACTOME_SIGNALING_BY_INSULIN_RECEPTOR,ATP6V1H,expanded
REACTOME_SIGNALING_BY_INSULIN_RECEPTOR,CTSD,expanded
REACTOME_SIGNALING_BY_INSULIN_RECEPTOR,FGF1,expanded
REACTOME_SIGNALING_BY_INSULIN_RECEPTOR,FGF10,expanded
REACTOME_SIGNALING_BY_INSULIN_RECEPTOR,FGF16,expanded
REACTOME_SIGNALING_BY_INSULIN_RECEPTOR,FGF17,expanded
REACTOME_SIGNALING_BY_INSULIN_RECEPTOR,FGF18,expanded
REACTOME_SIGNALING_BY_INSULIN_RECEPTOR,FGF19,expanded
REACTOME_SIGNALING_BY_INSULIN_RECEPTOR,FGF2,expanded
REACTOME_SIGNALING_BY_INSULIN_RECEPTOR,FGF20,expanded
REACTOME_SIGNALING_BY_INSULIN_RECEPTOR,FGF22,expanded
REACTOME_SIGNALING_BY_INSULIN_RECEPTOR,FGF23,expanded
REACTOME_SIGNALING_BY_INSULIN_RECEPTOR,FGF3,expanded
REACTOME_SIGNALING_BY_INSULIN_RECEPTOR,FGF4,expanded
REACTOME_SIGNALING_BY_INSULIN_RECEPTOR,FGF5,expanded
REACTOME_SIGNALING_BY_INSULIN_RECEPTOR,FGF6,expanded
REACTOME_SIGNALING_BY_INSULIN_RECEPTOR,FGF7,expanded
REACTOME_SIGNALING_BY_INSULIN_RECEPTOR,FGF8,expanded
REACTOME_SIGNALING_BY_INSULIN_RECEPTOR,FGF9,expanded
REACTOME_SIGNALING_BY_INSULIN_RECEPTOR,FGFR1,expanded
REACTOME_SIGNALING_BY_INSULIN_RECEPTOR,FGFR2,expanded
REACTOME_SIGNALING_BY_INSULIN_RECEPTOR,FGFR3,expanded
REACTOME_SIGNALING_BY_INSULIN_RECEPTOR,FGFR4,expanded
REACTOME_SIGNALING_BY_INSULIN_RECEPTOR,FLT3,expanded
REACTOME_SIGNALING_BY_INSULIN_RECEPTOR,FLT3LG,expanded
REACTOME_SIGNALING_BY_INSULIN_RECEPTOR,FRS2,expanded
REACTOME_SIGNALING_BY_INSULIN_RECEPTOR,GAB1,expanded
REACTOME_SIGNALING_BY_INSULIN_RECEPTOR,GAB2,expanded
REACTOME_SIGNALING_BY_INSULIN_RECEPTOR,GRB10,expanded
REACTOME_SIGNALING_BY_INSULIN_RECEPTOR,GRB2,expanded
REACTOME_SIGNALING_BY_INSULIN_RECEPTOR,HRAS,expanded
REACTOME_SIGNALING_BY_INSULIN_RECEPTOR,IDE,expanded
REACTOME_SIGNALING_BY_INSULIN_RECEPTOR,INS,expanded
REACTOME_SIGNALING_BY_INSULIN_RECEPTOR,INSR,expanded
REACTOME_SIGNALING_BY_INSULIN_RECEPTOR,IRS1,expanded
REACTOME_SIGNALING_BY_INSULIN_RECEPTOR,IRS2,expanded
REACTOME_SIGNALING_BY_INSULIN_RECEPTOR,KL,expanded
REACTOME_SIGNALING_BY_INSULIN_RECEPTOR,KLB,expanded
REACTOME_SIGNALING_BY_INSULIN_RECEPTOR,KRAS,expanded
REACTOME_SIGNALING_BY_INSULIN_RECEPTOR,MAPK1,expanded
REACTOME_SIGNALING_BY_INSULIN_RECEPTOR,MAPK3,expanded
REACTOME_SIGNALING_BY_INSULIN_RECEPTOR,NRAS,expanded
REACTOME_SIGNALING_BY_INSULIN_RECEPTOR,PDE3B,expanded
REACTOME_SIGNALING_BY_INSULIN_RECEPTOR,PDPK1,expanded
REACTOME_SIGNALING_BY_INSULIN_RECEPTOR,PIK3C3,expanded
REACTOME_SIGNALING_BY_INSULIN_RECEPTOR,PIK3CA,expanded
REACTOME_SIGNALING_BY_INSULIN_RECEPTOR,PIK3CB,expanded
REACTOME_SIGNALING_BY_INSULIN_RECEPTOR,PIK3R1,expanded
REACTOME_SIGNALING_BY_INSULIN_RECEPTOR,PIK3R2,expanded
REACTOME_SIGNALING_BY_INSULIN_RECEPTOR,PIK3R4,expanded
REACTOME_SIGNALING_BY_INSULIN_RECEPTOR,PTPN1,expanded
REACTOME_SIGNALING_BY_INSULIN_RECEPTOR,PTPN11,expanded
REACTOME_SIGNALING_BY_INSULIN_RECEPTOR,PTPRF,expanded
REACTOME_SIGNALING_BY_INSULIN_RECEPTOR,SHC1,expanded
REACTOME_SIGNALING_BY_INSULIN_RECEPTOR,SOS1,expanded
REACTOME_SIGNALING_BY_INSULIN_RECEPTOR,TCIRG1,expanded
REACTOME_SIGNALING_BY_INSULIN_RECEPTOR,THEM4,expanded
REACTOME_SIGNALING_BY_INSULIN_RECEPTOR,TLR9,expanded
REACTOME_SIGNALING_BY_INSULIN_RECEPTOR,TRIB3,expanded
REACTOME_TRANSLOCATION_OF_SLC2A4_GLUT4_TO_THE_PLASMA_MEMBRANE,ACTB,expanded
REACTOME_TRANSLOCATION_OF_SLC2A4_GLUT4_TO_THE_PLASMA_MEMBRANE,ACTG1,expanded
REACTOME_TRANSLOCATION_OF_SLC2A4_GLUT4_TO_THE_PLASMA_MEMBRANE,AKT1,expanded
REACTOME_TRANSLOCATION_OF_SLC2A4_GLUT4_TO_THE_PLASMA_MEMBRANE,AKT2,expanded
REACTOME_TRANSLOCATION_OF_SLC2A4_GLUT4_TO_THE_PLASMA_MEMBRANE,ASPSCR1,expanded
REACTOME_TRANSLOCATION_OF_SLC2A4_GLUT4_TO_THE_PLASMA_MEMBRANE,C2CD5,expanded
REACTOME_TRANSLOCATION_OF_SLC2A4_GLUT4_TO_THE_PLASMA_MEMBRANE,CALM1,expanded
REACTOME_TRANSLOCATION_OF_SLC2A4_GLUT4_TO_THE_PLASMA_MEMBRANE,EXOC1,expanded
REACTOME_TRANSLOCATION_OF_SLC2A4_GLUT4_TO_THE_PLASMA_MEMBRANE,EXOC2,expanded
REACTOME_TRANSLOCATION_OF_SLC2A4_GLUT4_TO_THE_PLASMA_MEMBRANE,EXOC3,expanded
REACTOME_TRANSLOCATION_OF_SLC2A4_GLUT4_TO_THE_PLASMA_MEMBRANE,EXOC4,expanded
REACTOME_TRANSLOCATION_OF_SLC2A4_GLUT4_TO_THE_PLASMA_MEMBRANE,EXOC5,expanded
REACTOME_TRANSLOCATION_OF_SLC2A4_GLUT4_TO_THE_PLASMA_MEMBRANE,EXOC6,expanded
REACTOME_TRANSLOCATION_OF_SLC2A4_GLUT4_TO_THE_PLASMA_MEMBRANE,EXOC7,expanded
REACTOME_TRANSLOCATION_OF_SLC2A4_GLUT4_TO_THE_PLASMA_MEMBRANE,EXOC8,expanded
REACTOME_TRANSLOCATION_OF_SLC2A4_GLUT4_TO_THE_PLASMA_MEMBRANE,KIF3A,expanded
REACTOME_TRANSLOCATION_OF_SLC2A4_GLUT4_TO_THE_PLASMA_MEMBRANE,KIF3B,expanded
REACTOME_TRANSLOCATION_OF_SLC2A4_GLUT4_TO_THE_PLASMA_MEMBRANE,KIFAP3,expanded
REACTOME_TRANSLOCATION_OF_SLC2A4_GLUT4_TO_THE_PLASMA_MEMBRANE,LNPEP,expanded
REACTOME_TRANSLOCATION_OF_SLC2A4_GLUT4_TO_THE_PLASMA_MEMBRANE,MYH9,expanded
REACTOME_TRANSLOCATION_OF_SLC2A4_GLUT4_TO_THE_PLASMA_MEMBRANE,MYO1C,expanded
REACTOME_TRANSLOCATION_OF_SLC2A4_GLUT4_TO_THE_PLASMA_MEMBRANE,MYO5A,expanded
REACTOME_TRANSLOCATION_OF_SLC2A4_GLUT4_TO_THE_PLASMA_MEMBRANE,PRKAA2,expanded
REACTOME_TRANSLOCATION_OF_SLC2A4_GLUT4_TO_THE_PLASMA_MEMBRANE,PRKAB1,expanded
REACTOME_TRANSLOCATION_OF_SLC2A4_GLUT4_TO_THE_PLASMA_MEMBRANE,PRKAB2,expanded
REACTOME_TRANSLOCATION_OF_SLC2A4_GLUT4_TO_THE_PLASMA_MEMBRANE,PRKAG1,expanded
REACTOME_TRANSLOCATION_OF_SLC2A4_GLUT4_TO_THE_PLASMA_MEMBRANE,PRKAG2,expanded
REACTOME_TRANSLOCATION_OF_SLC2A4_GLUT4_TO_THE_PLASMA_MEMBRANE,PRKAG3,expanded
REACTOME_TRANSLOCATION_OF_SLC2A4_GLUT4_TO_THE_PLASMA_MEMBRANE,RAB10,expanded
REACTOME_TRANSLOCATION_OF_SLC2A4_GLUT4_TO_THE_PLASMA_MEMBRANE,RAB11A,expanded
REACTOME_TRANSLOCATION_OF_SLC2A4_GLUT4_TO_THE_PLASMA_MEMBRANE,RAB13,expanded
REACTOME_TRANSLOCATION_OF_SLC2A4_GLUT4_TO_THE_PLASMA_MEMBRANE,RAB14,expanded
REACTOME_TRANSLOCATION_OF_SLC2A4_GLUT4_TO_THE_PLASMA_MEMBRANE,RAB4A,expanded
REACTOME_TRANSLOCATION_OF_SLC2A4_GLUT4_TO_THE_PLASMA_MEMBRANE,RAB8A,expanded
REACTOME_TRANSLOCATION_OF_SLC2A4_GLUT4_TO_THE_PLASMA_MEMBRANE,RAC1,expanded
REACTOME_TRANSLOCATION_OF_SLC2A4_GLUT4_TO_THE_PLASMA_MEMBRANE,RALA,expanded
REACTOME_TRANSLOCATION_OF_SLC2A4_GLUT4_TO_THE_PLASMA_MEMBRANE,RALGAPA2,expanded
REACTOME_TRANSLOCATION_OF_SLC2A4_GLUT4_TO_THE_PLASMA_MEMBRANE,RALGAPB,expanded
REACTOME_TRANSLOCATION_OF_SLC2A4_GLUT4_TO_THE_PLASMA_MEMBRANE,RHOQ,expanded
REACTOME_TRANSLOCATION_OF_SLC2A4_GLUT4_TO_THE_PLASMA_MEMBRANE,SFN,expanded
REACTOME_TRANSLOCATION_OF_SLC2A4_GLUT4_TO_THE_PLASMA_MEMBRANE,SLC2A4,expanded
REACTOME_TRANSLOCATION_OF_SLC2A4_GLUT4_TO_THE_PLASMA_MEMBRANE,SNAP23,expanded
REACTOME_TRANSLOCATION_OF_SLC2A4_GLUT4_TO_THE_PLASMA_MEMBRANE,STX4,expanded
REACTOME_TRANSLOCATION_OF_SLC2A4_GLUT4_TO_THE_PLASMA_MEMBRANE,STXBP3,expanded
REACTOME_TRANSLOCATION_OF_SLC2A4_GLUT4_TO_THE_PLASMA_MEMBRANE,TBC1D1,expanded
REACTOME_TRANSLOCATION_OF_SLC2A4_GLUT4_TO_THE_PLASMA_MEMBRANE,TBC1D4,expanded
REACTOME_TRANSLOCATION_OF_SLC2A4_GLUT4_TO_THE_PLASMA_MEMBRANE,TUBA1A,expanded
REACTOME_TRANSLOCATION_OF_SLC2A4_GLUT4_TO_THE_PLASMA_MEMBRANE,TUBA1B,expanded
REACTOME_TRANSLOCATION_OF_SLC2A4_GLUT4_TO_THE_PLASMA_MEMBRANE,TUBA1C,expanded
REACTOME_TRANSLOCATION_OF_SLC2A4_GLUT4_TO_THE_PLASMA_MEMBRANE,TUBA3C,expanded
REACTOME_TRANSLOCATION_OF_SLC2A4_GLUT4_TO_THE_PLASMA_MEMBRANE,TUBA3D,expanded
REACTOME_TRANSLOCATION_OF_SLC2A4_GLUT4_TO_THE_PLASMA_MEMBRANE,TUBA3E,expanded
REACTOME_TRANSLOCATION_OF_SLC2A4_GLUT4_TO_THE_PLASMA_MEMBRANE,TUBA4A,expanded
REACTOME_TRANSLOCATION_OF_SLC2A4_GLUT4_TO_THE_PLASMA_MEMBRANE,TUBA4B,expanded
REACTOME_TRANSLOCATION_OF_SLC2A4_GLUT4_TO_THE_PLASMA_MEMBRANE,TUBA8,expanded
REACTOME_TRANSLOCATION_OF_SLC2A4_GLUT4_TO_THE_PLASMA_MEMBRANE,TUBAL3,expanded
REACTOME_TRANSLOCATION_OF_SLC2A4_GLUT4_TO_THE_PLASMA_MEMBRANE,TUBB1,expanded
REACTOME_TRANSLOCATION_OF_SLC2A4_GLUT4_TO_THE_PLASMA_MEMBRANE,TUBB2A,expanded
REACTOME_TRANSLOCATION_OF_SLC2A4_GLUT4_TO_THE_PLASMA_MEMBRANE,TUBB2B,expanded
REACTOME_TRANSLOCATION_OF_SLC2A4_GLUT4_TO_THE_PLASMA_MEMBRANE,TUBB3,expanded
REACTOME_TRANSLOCATION_OF_SLC2A4_GLUT4_TO_THE_PLASMA_MEMBRANE,TUBB4A,expanded
REACTOME_TRANSLOCATION_OF_SLC2A4_GLUT4_TO_THE_PLASMA_MEMBRANE,TUBB4B,expanded
REACTOME_TRANSLOCATION_OF_SLC2A4_GLUT4_TO_THE_PLASMA_MEMBRANE,TUBB6,expanded
REACTOME_TRANSLOCATION_OF_SLC2A4_GLUT4_TO_THE_PLASMA_MEMBRANE,TUBB8,expanded
REACTOME_TRANSLOCATION_OF_SLC2A4_GLUT4_TO_THE_PLASMA_MEMBRANE,TUBB8B,expanded
REACTOME_TRANSLOCATION_OF_SLC2A4_GLUT4_TO_THE_PLASMA_MEMBRANE,VAMP2,expanded
REACTOME_TRANSLOCATION_OF_SLC2A4_GLUT4_TO_THE_PLASMA_MEMBRANE,YWHAB,expanded
REACTOME_TRANSLOCATION_OF_SLC2A4_GLUT4_TO_THE_PLASMA_MEMBRANE,YWHAE,expanded
REACTOME_TRANSLOCATION_OF_SLC2A4_GLUT4_TO_THE_PLASMA_MEMBRANE,YWHAG,expanded
REACTOME_TRANSLOCATION_OF_SLC2A4_GLUT4_TO_THE_PLASMA_MEMBRANE,YWHAH,expanded
REACTOME_TRANSLOCATION_OF_SLC2A4_GLUT4_TO_THE_PLASMA_MEMBRANE,YWHAQ,expanded
REACTOME_TRANSLOCATION_OF_SLC2A4_GLUT4_TO_THE_PLASMA_MEMBRANE,YWHAZ,expanded
